; Atlanage seed: atl_rt.obj
; source: atl_rt.obj (rt_build.ps1 output, 221/256 atl_* symbols)
; generated: 2026-08-08 01:56:56
; sha256: 138a3650c0c70f4db9cfdb01742799ec9a4a180005e54dee21845f7c013c4dc9
; bytes: 115729
; format: 5 header lines (';' prefix, ignored) + 64-hex-char data lines
64860300000000004CD3000053060000000004002E7465787400000000000000
0000000040BC00008C000000F8C200000000000065010000200050602E627373
0000000000000000000000000411010000000000000000000000000000000000
800030C02E6461746100000000000000000000002C060000CCBC0000EAD00000
000000003D000000400030C0554889E54883EC10554889E5488D0548E8000048
89EC5DC3554889E54885C974068B0185C0750AB8010000004889EC5DC331C048
89EC5DC3554889E54885C97409488D0518000000EB07488D05280000004889EC
5DC3554889E54883EC2048894DF8B902000000488B55F84883EC20E89B4B0000
4883C4204889EC5DC3554889E54885C974718B0185C0746B83E801741E83E801
741983E801741F83E801742883E8017434B8010000004889EC5DC3488B510848
85D27535EB3D488B510848D1E24885D27527EB2F488B51084885D274268A0284
C07516EB1E488B51084885D27415488B42084885C07502EB0AB8010000004889
EC5DC331C04889EC5DC3554889E54883EC2066480F7EC0488945F0B903000000
488B55F04883EC20E8EE4A00004883C4204889EC5DC3554889E54883EC204889
4DF84885C975144883EC20E8C4FEFFFF4883C420488945F84889C18B0183E803
7411488B410848F7D8E84C0000004889EC5DC3488B410848BA00000000000000
804831D0E87F0000004889EC5DC3554889E54883EC20E8EEFEFFFF85C0750FB9
01000000E89BFEFFFF4889EC5DC331C9E88FFEFFFF4889EC5DC3554889E54883
EC20488945F8B902000000488B55F84883EC20E8434A00004883C4204889EC5D
C3554889E54883EC2048894DF8B901000000488B55F84883EC20E81C4A000048
83C4204889EC5DC3554889E54883EC20488945F8B903000000488B55F84883EC
20E8F54900004883C4204889EC5DC3554889E54883EC2066480F7EC0488945F8
B903000000488B55F84883EC20E8C94900004883C4204889EC5DC3554889E548
85C97439488B0183E801743B83E801743683E801743C83E801740A4831C06648
0F6EC0EB36488B49084885C9740F4883EC20E8F64700004883C420EB1E4831C0
66480F6EC0EB14488B4108F2480F2AC0EB09488B410866480F6EC04889EC5DC3
554889E54885C97449488B0183E801744683E801744183E801744283E801740C
8B0183E809741D4831C0EB3F488B49084885C9741D4883EC20E8A24600004883
C420EB27488B49084885C97405488B01EB194831C0EB14488B4108EB0E488B41
0866480F6EC0F2480F2CC04889EC5DC3554889E54883EC4048894DF8488955F0
4885C975144883EC20E8C6FCFFFF4883C420488945F84889C1488B55F04885D2
75184883EC20E8A9FCFFFF4883C420488945F04889C2488B4DF88B0183E80474
0C8B0283E8047405E9F7000000488B4DF84883EC20E86B5800004883C4204889
45E8488B4DF04883EC20E8565800004883C420488945E0488B4DE84883EC20E8
AD4400004883C420483D000000100F83A4000000488945D8488B4DE04883EC20
E88C4400004883C420483D000000100F8383000000488945D0488B45D8480345
D04883C0014889C14883EC20E8124300004883C4204885C07464488945C84889
C1488B55E84C8B45D84883EC20E8254400004883C420488B4DC848034DD8488B
55E04C8B45D04883EC20E8084400004883C420488B4DC848034DD848034DD0C6
0100488B4DC84883EC20E8660A00004883C4204889EC5DC3488B4DF8EB06488B
4DF8EB008B0183E801740783E8017402EB208B0283E801740783E8017402EB12
488B410848034208E80DFDFFFF4889EC5DC3488B4DF8E8A0FDFFFF66480F7EC2
488955E8488B4DF0E88EFDFFFF66480F7EC2488B55E866480F6ECAF20F58C1E8
4BFDFFFF4889EC5DC3554889E54883EC2848894DF8488955F04885C975144883
EC20E80DFBFFFF4883C420488945F84889C1488B55F04885D275184883EC20E8
F0FAFFFF4883C420488945F04889C2488B4DF88B0183E801740783E8017402EB
208B0283E801740783E8017402EB12488B4108482B4208E85EFCFFFF4889EC5D
C3488B4DF8E8F1FCFFFF66480F7EC2488955E8488B4DF0E8DFFCFFFF488B55E8
66480F6ECAF20F5CC1E8A1FCFFFF4889EC5DC3554889E54883EC2848894DF848
8955F04885C975144883EC20E863FAFFFF4883C420488945F84889C1488B55F0
4885D275184883EC20E846FAFFFF4883C420488945F04889C2488B4DF88B0183
E801740783E8017402EB218B0283E801740783E8017402EB13488B4108480FAF
4208E8B3FBFFFF4889EC5DC3488B4DF8E846FCFFFF66480F7EC2488955E8488B
4DF0E834FCFFFF488B55E866480F6ECAF20F59C1E8F6FBFFFF4889EC5DC35548
89E54883EC2848894DF8488955F04885C975144883EC20E8B8F9FFFF4883C420
488945F84889C1488B55F04885D275184883EC20E89BF9FFFF4883C420488945
F04889C2488B4DF88B0183E801740783E8017402EB4D8B0283E801740783E801
7402EB3F488B42084885C0750C31C0E806FBFFFF4889EC5DC3488B4DF0488B49
0848894DE8488B45F8488B4008BA00000000488B4DE848F7F9E8DCFAFFFF4889
EC5DC3488B4DF8E86FFBFFFF66480F7EC2488955E8488B4DF0E85DFBFFFF6648
0F7EC266480F6ECA488B55E866480F6EC2F20F5EC1E815FBFFFF4889EC5DC355
4889E54883EC2848894DF8488955F04885C975144883EC20E8D7F8FFFF4883C4
20488945F84889C1488B55F04885D275184883EC20E8BAF8FFFF4883C4204889
45F04889C2488B4DF8488B4DF0E84EFBFFFF4885C0750C31C0E83CFAFFFF4889
EC5DC3488B4DF0E834FBFFFF488945E8488B4DF8E827FBFFFF488945E0488B45
E0BA00000000488B4DE848F7F94889D0E805FAFFFF4889EC5DC3554889E54883
EC3048894DF8488955F04885C975144883EC20E83CF8FFFF4883C420488945F8
4889C1488B55F04885D275184883EC20E81FF8FFFF4883C420488945F04889C2
488B4DF8488B4DF8E8B3FAFFFF488945E8488B4DF0E8A6FAFFFF488945E0488B
45E8482345E0E88FF9FFFF4889EC5DC3554889E54883EC3048894DF8488955F0
4885C975144883EC20E8C6F7FFFF4883C420488945F84889C1488B55F04885D2
75184883EC20E8A9F7FFFF4883C420488945F04889C2488B4DF8488B4DF8E83D
FAFFFF488945E8488B4DF0E830FAFFFF488945E0488B45E8480B45E0E819F9FF
FF4889EC5DC3554889E54883EC3048894DF8488955F04885C975144883EC20E8
50F7FFFF4883C420488945F84889C1488B55F04885D275184883EC20E833F7FF
FF4883C420488945F04889C2488B4DF8488B4DF8E8C7F9FFFF488945E8488B4D
F0E8BAF9FFFF488945E0488B45E8483345E0E8A3F8FFFF4889EC5DC3554889E5
4883EC2048894DF84885C975144883EC20E8DEF6FFFF4883C420488945F84889
C1488B4DF8E876F9FFFF48F7D0E868F8FFFF4889EC5DC3554889E54883EC3048
894DF8488955F04885C975144883EC20E89FF6FFFF4883C420488945F84889C1
488B55F04885D275184883EC20E882F6FFFF4883C420488945F04889C2488B4D
F8488B4DF8E816F9FFFF488945E8488B4DF0E809F9FFFF488945E0488B4DE048
8B45E848D3E0E8EFF7FFFF4889EC5DC3554889E54883EC3048894DF8488955F0
4885C975144883EC20E826F6FFFF4883C420488945F84889C1488B55F04885D2
75184883EC20E809F6FFFF4883C420488945F04889C2488B4DF8488B4DF8E89D
F8FFFF488945E8488B4DF0E890F8FFFF488945E0488B4DE0488B45E848D3E8E8
76F7FFFF4889EC5DC3554889E54883EC3048894DF8488955F04885C975144883
EC20E8ADF5FFFF4883C420488945F84889C1488B55F04885D275184883EC20E8
90F5FFFF4883C420488945F04889C2488B4DF88B0185C075158B0285C0750FB9
01000000E838F7FFFF4889EC5DC38B0183E804753B8B0283E80475344883EC20
488B4DF8488B4908488B55F0488B5208E8AF3D00004883C42085C00F85960000
00B901000000E8F6F6FFFF4889EC5DC38B0183E801740783E8017402EB1A8B02
83E801740783E8017402EB0C488B4108482B42087452EB5F8B0183E80374138B
0283E803740C488B45F8482B45F07438EB45488B4DF8E820F7FFFF66480F7EC2
488955E8488B4DF0E80EF7FFFF66480F7EC266480F6ECA488B55E866480F6EC2
660F2FC17402EB0FB901000000E86FF6FFFF4889EC5DC331C9E863F6FFFF4889
EC5DC3554889E54883EC3048894DF8488955F04885C975144883EC20E873F4FF
FF4883C420488945F84889C1488B55F04885D275184883EC20E856F4FFFF4883
C420488945F04889C2488B4DF88B0183E804753B8B0283E80475344883EC2048
8B4DF8488B4908488B55F0488B5208E8903C00004883C42085C00F8983000000
B901000000E8D7F5FFFF4889EC5DC38B0183E80374288B0283E8037421488B4D
F8E89AF6FFFF488945E8488B4DF0E88DF6FFFF488B55E84829C27C38EB45488B
4DF8E814F6FFFF66480F7EC2488955E8488B4DF0E802F6FFFF66480F7EC26648
0F6ECA488B55E866480F6EC2660F2FC17202EB0FB901000000E863F5FFFF4889
EC5DC331C9E857F5FFFF4889EC5DC3554889E54883EC20E8ADFDFFFF4889C1E8
E5F3FFFF85C0750FB901000000E82FF5FFFF4889EC5DC331C9E823F5FFFF4889
EC5DC3554889E54883EC204889C84889D14889C2E8AAFEFFFF4889C1E8A8F3FF
FF85C0750C31C9E8F5F4FFFF4889EC5DC3B901000000E8E6F4FFFF4889EC5DC3
554889E54883EC204889C84889D14889C2E86DFEFFFF4889C1E86BF3FFFF85C0
750FB901000000E8B5F4FFFF4889EC5DC331C9E8A9F4FFFF4889EC5DC3554889
E54883EC20E839FEFFFF4889C1E837F3FFFF85C0750FB901000000E881F4FFFF
4889EC5DC331C9E875F4FFFF4889EC5DC3554889E54831C08A1184D2743A80FA
8072204188D14180E1E04180F9C074194188D14180E1F04180F9E074124883C1
04EB104883C101EB0A4883C102EB044883C10348FFC0EBC04889EC5DC3554889
E54831C04D31C04939D07344448A14014584D2743B4180FA8072204588D34180
E3E04180FBC074194588D34180E3F04180FBE074124883C004EB104883C001EB
0A4883C002EB044883C00349FFC0EBB74889EC5DC3554889E54883EC3048894D
F84883057FE80000014885C974224883EC20E83A3A00004883C42048010588E8
000048830587E8000001488B45F8EB2148830587E800000148C745F000000000
488D4DF04883EC20E8CE3A00004883C420488945F8B904000000488B55F84883
EC20E8943D00004883C4204889EC5DC3554889E54883EC204885C9751E48C745
F800000000488D4DF84883EC20E8893A00004883C4204889C1EB104883EC20E8
773A00004883C4204889C1E845FFFFFF4889EC5DC3554889E5E837FFFFFF4889
EC5DC3554889E54883EC204885C9750431C0EB238B0183E804740983E801740F
31C0EB13488B4908E864FEFFFFEB08488B5108488B4208E89EF2FFFF4889EC5D
C3554889E54883EC4048894DF8488955F04885C9750431C0EB548B0183E80474
0431C0EB49488B5108488955E8488B4DF04885C9750431C0EB0D4883EC20E8A2
4C00004883C420488945E0488B4DE8488B55E04883EC20E8773900004883C420
4885C07407B801000000EB0231C04889C1E84BF2FFFF4889EC5DC3554889E548
83EC4048894DF8488955F04885C9750731C0E98E0000008B0183E804740731C0
E980000000488B5108488955E8488B4DF04885C9750431C0EB0D4883EC20E822
4C00004883C420488945E0488B4DE84883EC20E8793800004883C420488945D8
488B4DE04883EC20E8643800004883C420488945D0488B45D8483B45D0722448
8B4DE8488B55E04C8B45D04883EC20E8893800004883C42085C07507B8010000
00EB0231C04889C1E894F1FFFF4889EC5DC3554889E54883EC4048894DF84889
55F04885C9750731C0E9920000008B0183E804740731C0E984000000488B5108
488955E8488B4DF04885C9750431C0EB0D4883EC20E86B4B00004883C4204889
45E0488B4DE84883EC20E8C23700004883C420488945D8488B4DE04883EC20E8
AD3700004883C420488945D0488B45D8483B45D07228488B4DE848034DD8482B
4DD0488B55E04883EC20E8953700004883C42085C07507B801000000EB0231C0
4889C1E8D9F0FFFF4889EC5DC3554889E54883EC6048894DF8488955F04C8945
E84885C97502EB078B0183E804742648C745D800000000488D4DD84883EC20E8
F73700004883C4204889C1E8C5FCFFFF4889EC5DC3488B5108488955D84889D1
E80CFCFFFF488945D0488B4DF0E84EF1FFFF488945C8488B4DE8E841F1FFFF48
8945C048837DC8007D0848C745C80000000048837DC0007C0A488B45C0483B45
D07E08488B45D0488945C0488B45C8483B45C00F8D76FFFFFF488B4DD8488B55
C8E8F7FBFFFF488945B8488B4DD8488B55C0E8E6FBFFFF488945B0488B45B048
2B45B8488945A8488B4DA84883C1014883EC20E82B3500004883C420488945E0
4889C1488B55D8480355B84C8B45A84883EC20E83F3600004883C420488B45E0
480345A8C60000488B4DE0E8E5FBFFFF4889EC5DC3554889E54883EC4048894D
F8488955F04885C9750731C0E9920000008B0183E804740731C0E98400000048
8B5108488955E8488B4DF04885C9750431C0EB0D4883EC20E8884900004883C4
20488945E04889C14883EC20E8E03500004883C420488945D84885C0750431C0
EB41488B45E8488945D048C745C800000000488B4DD0488B55E04883EC20E830
3600004883C4204885C07413488945D0488345C801480345D8488945D0EBD348
8B45C8E8D2EEFFFF4889EC5DC3554889E54883EC4048894DF8488955F04885C9
750C48C7C0FFFFFFFFE9A00000008B0183E804740C48C7C0FFFFFFFFE98D0000
00488B51084885D2750948C7C0FFFFFFFFEB7B488955E8488B4DF04885C97504
31C0EB0D4883EC20E8B84800004883C420488945E0488B4DE8488B55E04883EC
20E88D3500004883C4204885C0750948C7C0FFFFFFFFEB36488945D8B8010000
00488945D0488B4DE848894DC8488B45C8483B45D873138A1080FA0A75054883
45D001488345C801EBE3488B45D0E807EEFFFF4889EC5DC3554889E54883EC40
48894DF8488955F04885C9750C48C7C0FFFFFFFFE9D30000008B0183E804740C
48C7C0FFFFFFFFE9C0000000488B51084885D2750C48C7C0FFFFFFFFE9AB0000
00488955E8488B4DF04885C9750431C0EB0D4883EC20E8EA4700004883C42048
8945E0488B4DE8488B55E04883EC20E8BF3400004883C4204885C0750948C7C0
FFFFFFFFEB66488945D848C745D000000000488B45E8488945C8488B45C8483B
45D87344448A104180FA8072214588D34180E3E04180FBC0741B4588D34180E3
F04180FBE07415488345C804EB13488345C801EB0C488345C802EB05488345C8
03488345D001EBB2488B45D0E809EDFFFF4889EC5DC3554889E54883EC504889
4DF8488955F04C8945E84885C9750C48C7C0FFFFFFFFE9730100008B0183E804
740C48C7C0FFFFFFFFE960010000488B5108488955E0488B4DF04885C9750431
C0EB0D4883EC20E8F94600004883C420488945D84889C14883EC20E851330000
4883C420488945D04885C0750C48C7C0FFFFFFFFE915010000488B4DE84885C9
750431C0EB05E875EDFFFF488945C848837DC8007D0848C745C800000000488B
45E0488945C048C745B800000000488B45B8483B45C8734D488B45C0448A1045
84D274414180FA8072214588D34180E3E04180FBC0741B4588D34180E3F04180
FBE07415488345C004EB13488345C001EB0C488345C002EB05488345C0034883
45B801EBA9488B4DC0488B55D84883EC20E81D3300004883C4204885C0750948
C7C0FFFFFFFFEB66488945C048C745B800000000488B45E0488945B0488B45B0
483B45C07344448A104180FA8072214588D34180E3E04180FBC0741B4588D341
80E3F04180FBE07415488345B004EB13488345B001EB0C488345B002EB054883
45B003488345B801EBB2488B45B8E867EBFFFF4889EC5DC3554889E54883EC40
48894DF8488955F04885C9750731C0E99F0000008B0183E804740731C0E99100
0000488B51084885D2750731C0E981000000488955E8488B4DF04885C9750431
C0EB70E818ECFFFF488945E0488B45E8483B05200000007509488B0528000000
EB2B488B4DE84883EC20E8A23100004883C420488945D8488B45E84889052000
0000488B45D848890528000000488945D848837DE0007C19488B45E0483B45D8
730F488B55E8488B45E0480FB60402EB0231C0E8A2EAFFFF4889EC5DC3554889
E54883EC5048894DF8488955F04C8945E84885C97505E9D80000008B0183E804
7405E9CC000000488B51084885D27505E9BE000000488955E04889D14883EC20
E80C3100004883C420488945D8488B4DF0E84AEBFFFF488945D0488B4DE8E83D
EBFFFF488945C848837DD0007D0848C745D00000000048837DC8007C0A488B45
C8483B45D87E08488B45D8488945C8488B45D0483B45C87D5A488B45C8482B45
D0488945C0488B4DC04883C1014883EC20E84D2F00004883C420488945B84889
C1488B55E0480355D04C8B45C04883EC20E8613000004883C420488B45B84803
45C0C60000488B4DB8E807F6FFFF4889EC5DC348C745B800000000488D4DB848
83EC20E8133100004883C4204889C1E8E1F5FFFF4889EC5DC3554889E54883EC
5048894DF84883EC20E89B0B00004883C420488945F0488B4DF84885C9750948
8B45F04889EC5DC38B0183E8047409488B45F04889EC5DC3488B51084885D275
09488B45F04889EC5DC3488955E84889D14883EC20E8D72F00004883C4204889
45E048C745D80000000048C745D000000000488B45D0483B45E00F838D000000
488B55E8480355D08A023C0A7575488B45D0482B45D8488945C8488B4DC84883
C1014883EC20E8382E00004883C420488945C04889C1488B55E8480355D84C8B
45C84883EC20E84C2F00004883C420488B45C0480345C8C60000488B4DC0E8F2
F4FFFF488B4DF04889C24883EC20E8660B00004883C420488B45D04883C00148
8945D8488345D001E965FFFFFF488B45D8483B45E07369488B45E0482B45D848
8945C8488B4DC84883C1014883EC20E8AF2D00004883C420488945C04889C148
8B55E8480355D84C8B45C84883EC20E8C32E00004883C420488B45C0480345C8
C60000488B4DC0E869F4FFFF488B4DF04889C24883EC20E8DD0A00004883C420
488B45F04889EC5DC3554889E54883EC4048894DF8488955F0488B4DF8E8DEE8
FFFF488945E8488B4DF0E8D1E8FFFF488945E048837DE0007F02EB51488B4DE0
4883C1014883EC20E8162D00004883C4204885C07502EB35488945D84889C148
8B55E84C8B45E04883EC20E8272E00004883C420488B45D8480345E0C6000048
8B4DD8E8CDF3FFFF4889EC5DC348C745D800000000488D4DD84883EC20E8D92E
00004883C4204889C1E8A7F3FFFF4889EC5DC3554889E54883EC4048894DF848
85C97505E9900000008B0183E8047405E984000000488B5108488955F04889D1
4883EC20E8C82D00004883C420488945E84889C14883C1014883EC20E8622C00
004883C420488945E048C745D800000000488B45D8483B45E87325488B55F048
0355D88A023C6172063C7A77022C20488B55E0480355D88802488345D801EBD1
488B45E0480345E8C60000488B4DE0E801F3FFFF4889EC5DC348C745E0000000
00488D4DE04883EC20E80D2E00004883C4204889C1E8DBF2FFFF4889EC5DC355
4889E54883EC4048894DF84885C97505E9900000008B0183E8047405E9840000
00488B5108488955F04889D14883EC20E8FC2C00004883C420488945E84889C1
4883C1014883EC20E8962B00004883C420488945E048C745D800000000488B45
D8483B45E87325488B55F0480355D88A023C4172063C5A77020420488B55E048
0355D88802488345D801EBD1488B45E0480345E8C60000488B4DE0E835F2FFFF
4889EC5DC348C745E000000000488D4DE04883EC20E8412D00004883C4204889
C1E80FF2FFFF4889EC5DC3554889E54883EC7048894DF8488955F04C8945E848
85C97505E9EE0100008B0183E8047405E9E2010000488B5108488955E0488B4D
F04885C9750431C0EB0D4883EC20E8B23F00004883C420488945D8488B4DE848
85C9750431C0EB0D4883EC20E8943F00004883C420488945D0488B4DD84883EC
20E8EB2B00004883C420488945C84885C07516488B4DE04883EC20E8F0F1FFFF
4883C4204889EC5DC348C745C000000000488B45E0488945B8488B4DB8488B55
D84883EC20E8292C00004883C4204885C0740F488345C001480345C8488945B8
EBD7488B4DE04883EC20E8822B00004883C420488945B0488B4DD04883EC20E8
6D2B00004883C420488945A8488B45A8482B45C8488B4DC0480FAFC8488B45B0
4801C84883C0014889C14883EC20E8F02900004883C420488945A048C7459800
000000488B45E0488945B8488B4DB8488B55D84883EC20E8972B00004883C420
4885C0747348894590488B4590482B45B8488945C0488B4DA048034D98488B55
B84C8B45C04883EC20E8C92A00004883C420488B4598480345C048894598488B
4DA048034D98488B55D04C8B45A84883EC20E8A02A00004883C420488B459848
0345A848894598488B4590480345C8488945B8E973FFFFFF488B45B88A0084C0
741C488B4DA048034D98488B55B88A0288014883459801488345B801EBDA488B
45A048034598C60000488B4DA0E803F0FFFF4889EC5DC348C745A00000000048
8D4DA04883EC20E80F2B00004883C4204889C1E8DDEFFFFF4889EC5DC3554889
E54883EC6048894DF8488955F04885C97505E9380100008B0183E8047405E92C
010000488B5108488955E8488B4DF04885C9750E48C745A82C000000488D45A8
EB0D4883EC20E87A3D00004883C420488945E04889C14883EC20E8D229000048
83C420488945D84885C0750848C745D8010000004883EC20E82C0500004883C4
20488945D0488B45E8488945C8488B4DC8488B55E04883EC20E8152A00004883
C4204885C0747A488945C0488B45C0482B45C8488945B8488B4DB84883C10148
83EC20E81B2800004883C420488945B04889C1488B55C84C8B45B84883EC20E8
332900004883C420488B45B0480345B8C60000488B4DB0E8D9EEFFFF488B4DD0
4889C24883EC20E84D0500004883C420488B45C0480345D8488945C8E96CFFFF
FF488B4DC84883EC20E822EFFFFF4883C420488B4DD04889C24883EC20E81705
00004883C420488B45D04889EC5DC34883EC20E8510400004883C4204889EC5D
C3554889E54883EC4048894DF84885C97505E9EF0000008B0183E8047405E9E3
000000488B5108488955F04889D14883EC20E89A2800004883C420488945E848
C745E000000000488B45E0483B45E87321488B55F0480355E08A023C20740C3C
0974083C0D74043C0A7507488345E001EBD5488B45E8488945D8488B45D8483B
45E07628488B55F0488B45D84883E8014801C28A023C20740C3C0974083C0D74
043C0A750748836DD801EBCE488B45D8482B45E0488945D0488B4DD04883C101
4883EC20E8BA2600004883C420488945C84889C1488B55F0480355E04C8B45D0
4883EC20E8CE2700004883C420488B45C8480345D0C60000488B4DC8E874EDFF
FF4889EC5DC348C745C800000000488D4DC84883EC20E8802800004883C42048
89C1E84EEDFFFF4889EC5DC3554889E54883EC4048894DF8488955F04885C975
05E9D10000008B0183E8047405E9C5000000488B5108488955E8488B4DF04885
C9750431C0EB05E8B4E1FFFF488945E048837DE0007F05E99B000000488B4DE8
4883EC20E8482700004883C420488945D8488B45D8488B4DE0480FAFC84883C1
0148894DD04889C94883EC20E8D22500004883C420488945C848C745C0000000
00488B45C0483B45E0732F488B4DC8488B45C0488B55D8480FAFC24801C1488B
55E84C8B45D84883EC20E8C82600004883C420488345C001EBC7488B45C84803
45D04883E801C60000488B4DC8E863ECFFFF4889EC5DC348C745C80000000048
8D4DC84883EC20E86F2700004883C4204889C1E83DECFFFF4889EC5DC3554889
E54883EC3048894DF8488955F04885C9750431C0EB538B0183E804740431C0EB
48488B5108488955E8488B4DF04885C9750431C0EB0D4883EC20E8E639000048
83C420488945E0488B4DE8488B55E04883EC20E84C2600004883C42085C07507
B801000000EB0231C04889C1E890DFFFFF4889EC5DC3554889E54883EC204883
3D1700000000750B48C7051400000001000000488B05000000004885C0740B48
C705040000000000000031C9E883DDFFFF4889EC5DC3554889E54883EC404889
4DF848833D1700000000750B48C7051400000001000000488B4DF84883EC20E8
413900004883C420488945F04889C14883EC20E8992500004883C420488945E8
488B0508000000480345E84883C001488945E0488B0510000000483B45E0733D
488B05100000004885C07507B840000000EB0348D1E048890510000000488B0D
000000004889C24883EC20E8492400004883C42048890500000000EBB6488B0D
0000000048030D08000000488B55F04C8B45E84883EC20E8FB2400004883C420
488B0508000000480345E848890508000000488B0D00000000488B1508000000
C604110031C9E889DCFFFF4889EC5DC3554889E54883EC2048833D1700000000
7421488B05000000004885C074154889C14883EC20E8D6EAFFFF4883C4204889
EC5DC348C745F800000000488D4DF84883EC20E8632500004883C4204889C1E8
31EAFFFF4889EC5DC3554889E54883EC404883058FE8000001B90500000031D2
4883EC20E8122800004883C420488945F8B9180000004883EC20E80423000048
83C420488945F0B9400000004883EC20E8EE2200004883C420488B4DF0488901
48C741080000000048C7411008000000488B4DF8488B55F048C7010500000048
8951084889C84889EC5DC3554889E54883EC204885C9750431C0EB138B0183E8
05740431C0EB08488B5108488B4208E826DDFFFF4889EC5DC3554889E54883EC
4048894DF8488955F04885C90F84D50000008B0183E8050F85CA000000488B41
08488945E8488B5008483B5010722348D16010488B08488B501048C1E2034883
EC20E8922200004883C420488B4DE8488901488B4DF04885C9746C8B0183F800
7C0583F80A7E60488D0D12140000488B55F08B024889C24C8B45F04883EC20E8
3C3600004883C4204883EC204889E1BA040000004883EC20E84F0000004883C4
204C8B4C24104C8B442408488B1424488D0D731400004883EC20E80136000048
83C4204883C420488B45E8488B4808488B10488B45F0488904CA488B45E84883
400801488B45F84889EC5DC3554889E54883EC2048894DF8488955F04831C048
8B4D004885C9741B483B45F07315488B51084C8B45F8498914C04883C001488B
09EBE04889EC5DC3554889E54883EC5048894DF8488955F04885C9740E8B0183
E80974138B0183E805745F31C9E822DAFFFF4889EC5DC3488B4DF04885C97504
31C0EB05E8B7DCFFFF488945E8488B4DF8488B5108488955E04885D274CD488B
0A4885C974C548837DE8007CBE488B45E8483B420873B4488B45E8480FB60401
E875DBFFFF4889EC5DC3488B4DF04885C90F84B40000008B0183E8040F85A900
0000488B5108488955D8488B45F8488B5008488955D048C745C800000000488B
45C8488B4DD0488B49084839C80F8358FFFFFF488B4DD0488B11488B45C8488B
0CC248894DC04885C974568B0183E805754F488B510848837A08027544488B12
488B028B0083E8047537488B02488B4008488945B84889C1488B55D84883EC20
E89F2100004883C42085C07514488B4DC0488B5108488B02488B40084889EC5D
C3488345C801E973FFFFFF488B4DF0E8ACDBFFFF488945E848837DE8000F8CC8
FEFFFF488B45F8488B5008488B45E8483B42080F83B2FEFFFF488B12488B04C2
4889EC5DC3554889E54883EC6048894DF8488955F04C8945E84885C9740E8B01
83E80974138B0183E805747631C9E8A1D8FFFF4889EC5DC3488B4DF04885C975
0431C0EB05E836DBFFFF488945E0488B4DF8488B51084885D274D1488B0A4885
C974C948837DE0007CC2488B45E0483B420873B8488B4DE84885C9750431C0EB
05E8FADAFFFF488B55F84C8B4208498B104C8B45E042880402488B45E84889EC
5DC3488B4DF08B0183E8040F851A010000488B5108488955D8488B45F8488B50
08488955D048C745C800000000488B45C8488B4DD0488B49084839C80F838000
0000488B4DD0488B11488B45C8488B0CC248894DC04885C9745E8B0183E80575
57488B510848837A0802754C488B12488B028B0083E804753F488B02488B4008
488945B84889C1488B55D84883EC20E8102000004883C42085C0751C488B4DC0
488B5108488B45E8488B1248894208488B45E84889EC5DC3488345C801E96BFF
FFFF4883EC20E83EFBFFFF4883C420488945C0488B4DD84883EC20E8D0E5FFFF
4883C420488B4DC04889C24883EC20E8C5FBFFFF4883C420488B4DC0488B55E8
4883EC20E8B0FBFFFF4883C420488B4DF8488B55C04883EC20E89BFBFFFF4883
C420488B45E84889EC5DC3488B4DF0E8ACD9FFFF488945E048837DE0000F8C49
FEFFFF488B45F8488B5008488955B0488B45E0483B42107235488B45B048D160
10488B45B0488B5010483955E073EA488B08488B501048C1E2034883EC20E816
1E00004883C420488B4DB0488901488B45B0488B4808483B4DE0772F4883EC20
E88FD6FFFF4883C420488B4DB0488B114C8B41084A8904C24883410801488B45
B0488B4808483B4DE076D1488B45B0488B08488B55E0488B45E8488904D1488B
45E84889EC5DC3554889E54883EC3048894DF8488955F04885C974508B0183E8
057549488B4DF0E8D4D8FFFF488945E848837DE8007C35488B45F8488B500848
8B4208483B45E873234883EC20E802D6FFFF4883C420488B4DF84889C24883EC
20E873FAFFFF4883C420EBCB488B45F84889EC5DC3554889E54883EC4048894D
F8488955F04C8945E84885C9745A8B0183E80575534883EC20E88BF9FFFF4883
C420488945E04889C1488B55F04883EC20E823FAFFFF4883C420488B4DE0488B
55E84883EC20E80EFAFFFF4883C420488B4DF8488B55E04883EC20E8F9F9FFFF
4883C420488B45F84889EC5DC3554889E54883EC3048894DF8488955F04885C9
0F84A40000008B0183E8050F8599000000488B4DF04885C9750431C0EB05E8DD
D7FFFF488945E848837DE8007C7C488B45F8488B5008488B45E8483B4208736A
488B0A488B04C1488945E0488B45E8488945D8488B45D84883C001488945D848
8B4DF8488B5108488B4A084839C87324488B0A488B55D8488B04D1488B4DF848
8B5108488B0A488B55D84883EA01488904D1EBBF488B45F8488B500848836A08
01488B45E04889EC5DC331C9E8A3D4FFFF4889EC5DC3554889E54885C974138B
0183E805750C488B510848C74208000000004889C84889EC5DC3554889E54883
EC3048894DF84885C90F84860000008B0183E805757F488B5108488955F048C7
45E800000000488B45F0488B480848D1E9488B45E84839C8735B488B4DF0488B
11488B45E84C8B04C24C8945E0488B4DF0488B114C8B41084983E8014C2B45E8
4A8B04C2488B4DF0488B114C8B45E84A8904C2488B4DF0488B114C8B41084983
E8014C2B45E8488B45E04A8904C2488345E801EB91488B45F84889EC5DC35548
89E54883EC4048894DF84885C90F840A0100008B0183E8050F85FF000000488B
5108488955F048C745E800000000488B45F0488B48084883E901488B45E84839
C80F83D6000000488B45E8488945E0488B45E84883C001488945D8488B45F048
8B4808488B45D84839C87359488B4DF0488B11488B45D8488B0CC2E89BD5FFFF
66490F7EC04C8945D0488B4DF0488B11488B45E0488B0CC2E87ED5FFFF66490F
7EC1488B55D066480F6EC266490F6EC9660F2FC17308488B45D8488945E04883
45D801EB96488B45E0483B45E87444488B4DF0488B11488B45E84C8B04C24C89
45C8488B4DF0488B11488B45E04C8B04C2488B4DF0488B11488B45E84C8904C2
488B4DF0488B11488B45E04C8B45C84C8904C2488345E801E911FFFFFF488B45
F84889EC5DC3554889E54883EC4048894DF8488955F04885C90F84D30000008B
0183E8050F85C8000000488B5108488955E848C745E000000000488B45E0488B
4DE8488B49084839C80F83A3000000488B4DE8488B11488B45E0488B0CC24889
4DD8488B55F04885C974054885D27511488B45D8483B45F07567B801000000EB
738B0183E80475228B0283E804751B488B4908488B52084883EC20E8841A0000
4883C42085C07443EB37488B45D88B0083E8027522488B55F08B0283E8027517
488B45D8488B4808488B45F0488B50084839D17416EB0A488B45D8483B45F074
0A488345E001E94FFFFFFFB801000000EB0231C04889C1E885D3FFFF4889EC5D
C3554889E54883EC4048894DF8488955F04885C90F84D10000008B0183E8050F
85C6000000488B5108488955E848C745E000000000488B45E0488B4DE8488B49
084839C80F83A1000000488B4DE8488B11488B45E0488B0CC248894DD8488B55
F04885C974054885D27510488B45D8483B45F07566488B45E0EB778B0183E804
75228B0283E804751B488B4908488B52084883EC20E88A1900004883C42085C0
7443EB37488B45D88B0083E8027522488B55F08B0283E8027517488B45D8488B
4808488B45F0488B50084839D17416EB0A488B45D8483B45F0740A488345E001
E950FFFFFF488B45E0EB0748C7C0FFFFFFFFE863D2FFFF4889EC5DC3554889E5
4883EC5048894DF8488955F04885C90F84E70000008B0183E8050F85DC000000
488B55F04885D20F84CF0000008B0283E8060F85C4000000488B4208488945E8
4883EC20E840F4FFFF4883C420488945E0488B4DF8488B5108488955D848C745
D000000000488B45D0488B4DD8488B49084839C8737D488B4DD8488B11488B45
D0488B0CC248894DC8488B45E84883EC4048C74424200000000048C744242800
00000048C74424300000000048C74424380000000031D24531C04531C9FFD048
83C4404885C0750D4883EC20E8E3CFFFFF4883C420488B4DE04889C24883EC20
E854F4FFFF4883C420488345D001E972FFFFFF488B45E04889EC5DC34883EC20
E884F3FFFF4883C4204889EC5DC3554889E54883EC5048894DF8488955F04885
C90F84E70000008B0183E8050F85DC000000488B55F04885D20F84CF0000008B
0283E8060F85C4000000488B4208488945E84883EC20E82EF3FFFF4883C42048
8945E0488B4DF8488B5108488955D848C745D000000000488B45D0488B4DD848
8B49084839C8737D488B4DD8488B11488B45D0488B0CC248894DC8488B45E848
83EC4048C74424200000000048C74424280000000048C74424300000000048C7
4424380000000031D24531C04531C9FFD04883C4404885C074214889C1E847CF
FFFF85C07415488B4DE0488B55C84883EC20E842F3FFFF4883C420488345D001
E972FFFFFF488B45E04889EC5DC34883EC20E872F2FFFF4883C4204889EC5DC3
554889E54883EC5048894DF8488955F04C8945E8488B55E84885D20F84C50000
008B0283E8060F85BA000000488B4208488945E0488B45F0488945D8488B4DF8
4885C90F84940000008B0183E8050F8589000000488B5108488955D048C745C8
00000000488B45C8488B4DD0488B49084839C87368488B4DD0488B11488B45C8
488B14C2488B45E0488B4DD84883EC4048C74424200000000048C74424280000
000048C74424300000000048C7442438000000004531C04531C9FFD04883C440
4885C0750D4883EC20E8C6CDFFFF4883C420488945D8488345C801EB87488B45
D84889EC5DC3488B45F04885C0750731C9E89ECDFFFF4889EC5DC3554889E548
83EC3048894DF8488955F04885C974738B0183E8047547488B5108488955E848
8B4DF04885C9750431C0EB0D4883EC20E8502900004883C420488945E0488B4D
E8488B55E04883EC20E8251600004883C4204885C0742CB801000000EB27488B
45F88B0083E805751A488B4DF8488B55F04883EC20E86CFAFFFF4883C4204889
EC5DC331C04889C1E8D4CEFFFF4889EC5DC3554889E54883EC4048894DF84889
55F04885C90F84B60000008B0183E8050F85AB000000488B4DF04885C9750431
C0EB0D4883EC20E8B92800004883C420488945E8488B45F8488B5008488955E0
48C745D800000000488B45D8488B4DE0488B49084839C87368488B4DE0488B11
488B45D8488B0CC248894DD04885C974428B0183E805753B488B510848837A08
027530488B12488B028B0083E8047523488B02488B4008488945C84889C1488B
55E84883EC20E8B91400004883C42085C07407488345D801EB8EB801000000EB
0231C04889C1E8F6CDFFFF4889EC5DC3554889E54883EC4048894DF8488955F0
4885C90F84C60000008B0183E8050F85BB000000488B4DF04885C9750431C0EB
0D4883EC20E8DB2700004883C420488945E8488B45F8488B5008488955E048C7
45D800000000488B45D8488B4DE0488B49084839C87378488B4DE0488B11488B
45D8488B0CC248894DD04885C974568B0183E805754F488B510848837A080275
44488B12488B028B0083E8047537488B02488B4008488945C84889C1488B55E8
4883EC20E8DB1300004883C42085C07514488B4DD0488B5108488B02488B4008
4889EC5DC3488345D801E977FFFFFF31C9E83ECBFFFF4889EC5DC3554889E548
83EC6048894DF8488955F04C8945E84885C90F848C0100008B0183E8050F8581
010000488B4DF04885C9750431C0EB0D4883EC20E8EC2600004883C420488945
E0488B45F8488B5008488955D848C745D000000000488B45D0488B4DD8488B49
084839C80F8380000000488B4DD8488B11488B45D0488B0CC248894DC84885C9
745E8B0183E8057557488B510848837A0802754C488B12488B028B0083E80475
3F488B02488B4008488945C04889C1488B55E04883EC20E8E81200004883C420
85C0751C488B4DC8488B5108488B45E8488B1248894208488B45E84889EC5DC3
488345D001E96BFFFFFF4883EC20E816EEFFFF4883C420488945C8488B4DF048
85C9751131C94883EC20E8A1D8FFFF4883C420EB08488B4DF0488B45F04889C2
4885D274288B0283E804742183C0044989C04C89C2488D0D580300004883EC20
E83B2500004883C420488B55F0488B4DC84883EC20E85FEEFFFF4883C420488B
4DC8488B55E84885D2750F4883EC20E8C0C9FFFF4883C420EB04488B55E8488B
4DC84883EC20E82EEEFFFF4883C420488B4DF8488B55C84883EC20E819EEFFFF
4883C420488B45E84889EC5DC3554889E54883EC4048894DF8488955F04885C9
0F84240100008B0183E8050F8519010000488B4DF04885C9750431C0EB0D4883
EC20E83E2500004883C420488945E8488B45F8488B5008488955E048C745D800
000000488B45D8488B4DE0488B49084839C80F83D2000000488B4DE0488B1148
8B45D8488B0CC248894DD04885C90F84AC0000008B0183E8050F85A100000048
8B510848837A08020F8592000000488B12488B028B0083E8040F858100000048
8B02488B4008488945C84889C1488B55E84883EC20E82A1100004883C42085C0
755E488B45D8488945C8488B45C84883C001488945C8488B4DE0488B51084839
D07324488B4DE0488B114C8B45C84A8B04C2488B4DE0488B114C8B45C84983E8
014A8904C2EBC3488B4DE0488B51084883EA0148895108488B45F84889EC5DC3
488345D801E919FFFFFF488B45F84889EC5DC3554889E54883EC4048894DF848
83EC20E801ECFFFF4883C420488945F0488B4DF84885C974778B0183E8057570
488B5108488955E848C745E000000000488B45E0488B4DE8488B49084839C873
4F488B4DE8488B11488B45E0488B0CC248894DD84885C974308B0183E8057529
488B510848837A0802751E488B12488B02488945D0488B4DF04889C24883EC20
E834ECFFFF4883C420488345E001EBA0488B45F04889EC5DC3554889E54883EC
4048894DF84883EC20E85BEBFFFF4883C420488945F0488B4DF84885C974788B
0183E8057571488B5108488955E848C745E000000000488B45E0488B4DE8488B
49084839C87350488B4DE8488B11488B45E0488B0CC248894DD84885C974318B
0183E805752A488B510848837A0802751F488B12488B4208488945D0488B4DF0
4889C24883EC20E88DEBFFFF4883C420488345E001EB9F488B45F04889EC5DC3
E588877E2061746C5F6C6973745F6164643A20E58583E7B4A0207461673D2564
20616464723D257020E7B1BBE59E8BE4B88DE5AFB92CE6ACA7E5B0BCE985B1E7
9A84E7A88BE5BA8FE59CA8E883A1E69DA53F0A00E588877E2061746C5F646963
745F7365743A20E994AE207461673D256420E4B88DE698AFE5AD97E7ACA6E4B8
B22834292CE8BF90E8A18CE697B6E59D8FE4BA86E590973FE6ACA7E5B0BCE985
B1E5BFABE4BFAE0A0020202020E6ACA7E5B0BCE985B12CE8B083E794A8E993BE
E59CA8E6ADA43A202570203C2D202570203C2D2025700A00488D059B04000048
89EC5DC34831C04889EC5DC3554889E54883EC10554889E54883EC2048894DF8
31D2488B4DF84883EC20E8EC1100004883C4204889EC5DC34885C9740C8B0183
E8077505488B4108C331C0C3554889E54883EC4048894DF8488955F0B9070000
00E8AEFFFFFF488945E8B9200000004883EC20E8AB0C00004883C420488945E0
48C70000000000488B4DF04885C97505B90100000048C1E1034883EC20E8810C
00004883C420488B4DE048894108488B55F048895110488B55F84885D2741248
89D14883EC20E8700E00004883C420EB0231C0488B4DE04889411848C745D800
000000488B45D8488B4DF04839C8732631C94883EC20E819C5FFFF4883C42048
8B4DE0488B55D8488B4908488904D1488345D801EBCD48830597E8000001488B
4DE8488B45E0488941084889C84889EC5DC3554889E54883EC3048894DF8B908
000000E8CCFEFFFF488945F0B9080000004883EC20E8C90B00004883C420488B
4DF8488908488B4DF0488941084889C84889EC5DC3554889E54883EC3048894D
F8488955F0B9180000004883EC20E8900B00004883C420B90600000048890848
8B4DF848894808488B4DF0488948104889EC5DC3554889E54885C9741E8B0183
E8087517488B41084885C0740E488B004889104889D04889EC5DC331C94883EC
20E82EC4FFFF4883C4204889EC5DC3554889E5E840FEFFFF4885C07413483B50
10730D488B4008488B04D04889EC5DC331C94883EC20E8F9C3FFFF4883C42048
89EC5DC3554889E54883EC304C8945F8E803FEFFFF4885C0741A483B50107314
488B4008488B4DF848890CD04889C84889EC5DC331C94883EC20E8B5C3FFFF48
83C4204889EC5DC3488D059B0400004889EC5DC34831C04889EC5DC3554889E5
4883EC10554889E54885C9742C488B0530100000483D00010000731D486BC010
4C8D0D300000004901C1498909498951084883052F100000014889EC5DC35548
89E54885C9743A4885D274354D85C07430488B0538D00000483D000800007321
486BC0184C8D0D381000004901C1498909498951084D89411048830537D00000
014889EC5DC3554889E54885C97430488B0540E80000483D000100007321486B
C0184C8D0D40D000004901C1498909498951084D8941104883053FE800000148
89EC5DC3488D059B0400004889EC5DC34831C04889EC5DC3554889E54883EC10
E8BF90E8A18CE697B6E99499E8AFAF7E20E696B9E6B395E8B083E794A8E79BAE
E6A087E4B8BAE7A9BA20286D6574686F643D25732C207265743D25702920E280
94E2809420E596822CE6ACA7E5B0BCE985B1E79A84E7A88BE5BA8FE782B8E4BA
86E593A60A00E8BF90E8A18CE697B6E99499E8AFAF7E20E696B9E6B395E8B083
E794A8E79BAEE6A087E4B88DE698AFE5AFB9E8B1A1E5AE9EE4BE8B2028746167
3D25642920E28094E2809420E596822CE6ACA7E5B0BCE985B1E79A84E7A88BE5
BA8FE782B8E4BA86E593A60A00E8BF90E8A18CE697B6E99499E8AFAF7E20E7B1
BB20257320E6B2A1E69C89E696B9E6B3952025732CE6ACA7E5B0BCE985B1E698
AFE4B88DE698AFE8AEB0E99499E696B9E6B395E5908DE4BA863F0A00E8BF90E8
A18CE697B6E99499E8AFAF7E20E7B1BB20257320E6B2A1E69C89E5AD97E6AEB5
2025732CE6ACA7E5B0BCE985B1E79A84E7A88BE5BA8FE59CA8E4B9B1E691B8E5
AD97E6AEB53F0A00E4BFA1E681AF00E8A18CE58FB700003F00554889E54883EC
4048894DF8488955F048C745E80000000048837DE8400F830B010000488B4DF8
4885C90F84FE000000488B0538D000004885C0747A4883E801488945E0488B45
E0486BC0184C8D15381000004901C24C8955D84D8B0A4D85C974464D8B5A084D
85DB743D4C89C9488B55F84883EC20E8300900004883C42085C075254C89D948
8B55F04883EC20E8180900004883C42085C0750D4C8B55D8498B4210E9880000
00488B45E04883E801488945E0798E488B05301000004885C0746C488945D048
C745E000000000488B45E0483B45D07356486BC0104C8D15300000004901C24C
8955D84D8B0A4D85C974184C89C9488B55F84883EC20E8A90800004883C42085
C0740E488B45E04883C001488945E0EBB64C8B55D8498B4208488945F8488345
E801E9EAFEFFFF31C04889EC5DC3554889E54881EC8000000048894DF8488955
F04C8945E84885C90F84510100008B0183E8070F8570010000488B41084885C0
0F8485010000488B48184885C90F8478010000488B55F04885D2750B488D1573
FEFFFF488955F04883EC20E869FEFFFF4883C4204885C00F84D4000000488945
A848C745E00000000048C745D80000000048C745D00000000048C745C8000000
0048C745C00000000048C745B80000000048C745B000000000488B45E84885C0
743C8B0883E9057535488B4008488B48084883F9077605B9070000004885C974
1D488B104531C94939C973124E8B14CA4C8D5DE04F8914CB4983C101EBE94883
EC40488B45C84889442420488B45C04889442428488B45B84889442430488B45
B04889442438488B45F84889C1488B45E04889C2488B45D84989C0488B45D049
89C1488B45A8FFD04883C440E989000000488B45F8488B4008488B4018488945
A04883EC20488D0DC1FCFFFF488B55A04C8B45F0E8E71900004883C420EB4C48
8B55F04885D27507488D1548FDFFFF4883EC20488D0DC6FBFFFF4C8B4508E8BD
1900004883C420EB22488B45F88B00488945A04883EC20488D0D08FCFFFF488B
55A0E8991900004883C42031C94883EC20E83EBEFFFF4883C4204889EC5DC355
4889E54883EC4048894DF8488955F048C745E80000000048837DE8400F835101
0000488B4DF84885C90F8444010000488B0540E800004885C00F84BC00000048
8945D048C745E000000000488B45E0483B45D00F83A2000000486BC0184C8D15
40D000004901C24C8955D84D8B0A4D85C974774C89C9488B55F84883EC20E821
0600004883C42085C0755F4C8B55D8498B4210488945C8498B4208488945C048
C745E000000000488B45E0483B45C8734A488B4DC0488B0CC14885C97415488B
55F04883EC20E8D90500004883C42085C0740E488B45E04883C001488945E0EB
C6488B45E0E990000000488B45E04883C001488945E0E950FFFFFF488B053010
00004885C0746C488945D048C745E000000000488B45E0483B45D07356486BC0
104C8D15300000004901C24C8955D84D8B0A4D85C974184C89C9488B55F84883
EC20E85D0500004883C42085C0740E488B45E04883C001488945E0EBB64C8B55
D8498B4208488945F8488345E801E9A4FEFFFF48C7C0FFFFFFFF4889EC5DC355
4889E54883EC6048894DF8488955F04885C90F84260100008B0183E80A756348
8B4DF0488D153EFBFFFF4883EC20E8F10400004883C42085C0750D488B45F848
8B4008E905010000488B4DF0488D151CFBFFFF4883EC20E8C80400004883C420
85C00F85D6000000488B4DF8488B49104883EC20E889BCFFFF4883C420E9CB00
0000488B45F88B0083E8047529488B4DF0488D15D0FAFFFF4883EC20E8830400
004883C42085C00F8591000000488B45F8E997000000488B45F88B0083E80775
7D488B45F8488B40084885C07470488B48184885C97467488B55F04883EC20E8
9BFDFFFF4883C4204883F8FF7418488B4DF8488B4908483B41107342488B4908
488B04C1EB47488B45F8488B4008488B4018488945E84883EC20488D0DFBF9FF
FF488B55E84C8B45F04D85C075074C8D0542FAFFFFE8C61600004883C42031C9
4883EC20E86BBBFFFF4883C4204889EC5DC3554889E54883EC6048894DF84889
55F04C8945E84885C90F848B0000008B0183E8070F8580000000488B41084885
C07477488B48184885C9746E488B55F04883EC20E8E6FCFFFF4883C4204883F8
FF741F488B4DF8488B4908483B41107349488B4908488B55E8488914C14889D0
EB47488B45F8488B4008488B4018488945E04883EC20488D0D3FF9FFFF488B55
E04C8B45F04D85C075074C8D0586F9FFFFE80A1600004883C42031C94883EC20
E8AFBAFFFF4883C4204889EC5DC3554889E54883EC6048894DF84885C90F8439
0100008B0183E8070F852E010000488B41084885C00F840E010000488945F048
C745E800000000488B45E8488B4DF0483B4110734C488B4DF0488B4908488B45
E8488B0CC14885C974308B0183E8047529488B49084883EC20E8290200004883
C420488B45F0488B4008488B4DE8488B04C848C7400800000000488345E801EB
A6488B4DF0488B49084883EC20E8F50100004883C420488B45F0488B004885C0
7450488945E048C745E800000000488B45E8488B4DF0483B41107325488B4DE0
488B45E8488B0CC14885C9740D4883EC20E8B10100004883C420488345E801EB
CD488B4DE04883EC20E8990100004883C420488B4DF0488B49184885C9740D48
83EC20E87F0100004883C420488B4DF04883EC20E86E0100004883C420488B45
F848C7400800000000488B45F848C7000000000048C7400800000000488B45F8
4889EC5DC3488D059B0400004889EC5DC34831C04889EC5DC3554889E54883EC
10554889E54883EC20E826B9FFFF4889EC5DC3554889E54889EC5DC3554889E5
31C04889EC5DC3488D059B0400004889EC5DC34831C04889EC5DC3554889E548
83EC10554889E54883EC2048894DF8488B0558E800004885C075144883EC20E8
000000004883C42048890558E80000488B0D58E8000031D24C8B45F84D85C075
0641B8010000004883EC20E8000000004883C4204889EC5DC3554889E54883EC
2048894DF8488955F0488B0558E800004885C075144883EC20E8000000004883
C42048890558E80000488B4DF84885C97527488B0D58E8000031D24C8B45F04D
85C0750641B8010000004883EC20E8000000004883C420EB29488B0D58E80000
31D24C8B45F84C8B4DF04D85C9750641B9010000004883EC20E8000000004883
C4204889EC5DC34885C9744A554889E54883EC2048894DF8488B0558E8000048
85C075144883EC20E8000000004883C42048890558E80000488B0D58E8000031
D24C8B45F84883EC20E8000000004883C4204889EC5DC34889C84D85C0741144
8A0A44880948FFC148FFC249FFC875EFC331C04885C9740B803C0100740548FF
C0EBF5C34885C97507488D0D46F6FFFF4885D27507488D153AF6FFFF8A01448A
1284C0740D4438D0750848FFC148FFC2EBEA0FB6C0450FB6C24429C0C34885C9
742E4885D274294D85C074248A01448A1284C074104438D0750B48FFC148FFC2
49FFC8EBE20FB6C0450FB6C24429C0C331C0C34885C974404885D2743B8A0284
C074318A0184C0742F4989C84989D1418A0184C0741A458A104584D2740D4138
C2750849FFC049FFC1EBE448FFC1EBD34889C8C34889C8C331C0C34885C9745D
554889E54883EC3048894DF84883EC20E81CFFFFFF4883C420488945F048FFC0
4889C14883EC20E8B7FDFFFF4883C4204885C07423488945E84889C1488B55F8
4C8B45F049FFC04883EC20E8C7FEFFFF4883C420488B45E84889EC5DC331C0C3
4885C90F84E10000008A013C3075138A41013C7874043C58750841B910000000
EB0641B90A00000031C04531D28A1180FA20741980FA09741480FA0A740F80FA
0D740A80FA0B740580FA0C750548FFC1EBDB80FA2D750B41BA0100000048FFC1
EB0880FA2B750348FFC14983F91075188A1180FA3075118A510180FA78740580
FA5875044883C1028A1184D2745380FA30724E80FA39770A440FB6DA4183EB30
EB2E80FA61721380FA7A7735440FB6DA4183EB614183C30AEB1680FA41722280
FA5A771D440FB6DA4183EB414183C30A4539CB730C490FAFC14C01D848FFC1EB
A74585D2740348F7D8C331C0C34885C90F847D010000554889E54883EC404531
C04531C94531D24531DB48C745F80000000031C066480F6EC08A1180FA207419
80FA09741480FA0A740F80FA0D740A80FA0B740580FA0C750548FFC1EBDB80FA
2D750B41B80100000048FFC1EB0880FA2B750348FFC18A1180FA30722180FA39
771CF20F5905000000000FB6C283E830F2480F2AC8F20F58C148FFC1EBD880FA
2E754348FFC141B901000000F20F100D080000008A1180FA30722B80FA397726
F20F1145F00FB6C283E830F2480F2AC0F20F59C1F20F5845F0F20F590D080000
0048FFC1EBCE80FA65740580FA45754E48FFC141BA010000004531DB48C745F8
000000008A1180FA2D750D48C745F80100000048FFC1EB0880FA2B750348FFC1
8A1180FA30721780FA3977124D6BDB0A0FB6C283E8304901C348FFC1EBE24585
D274334D85DB742EF20F100D100000004C89D84885C0740DF20F590D00000000
48FFC8EBEE48837DF8007506F20F59C1EB04F20F5EC14585C0741348B8000000
000000008066480F6EC8660F57C14889EC5DC331C066480F6EC0C3554889E548
83EC2048894DF8488955F0488B0560E800004885C0752C4883EC2031C948BA00
50D6DC0100000041B80030000041B904000000E8000000004883C42048890560
E80000488B05C40801004885C074164883EC20E8000000004883C420483B05C4
0801007550488B0570E800004885C07544488B0568E80000483D5543DE13732A
486BC0184C8B0D60E800004901C1488B4DF8498909488B55F049895108488305
67E80000014C89C8EB3448C7056CE800000100000048830577E8000001B91800
00004883EC20E838FAFFFF4883C420488B4DF8488908488B55F0488950084889
EC5DC3488D059B0400004889EC5DC34831C04889EC5DC3554889E54883EC1048
89C84885C974184885D27413448A024488014584C0740848FFC148FFC2EBEDC3
4889C84839D173184D85C0742F448A0A44880948FFC148FFC249FFC875EFEB1C
4D85C074174C01C14C01C248FFC948FFCA448A0A44880949FFC875EFC3554889
E54883EC6048894DF8488955F04489C083F802720583F8247605B80A00000089
45B0448945AC488B45F84885C07912837DB00A750CC745A80100000048F7D8EB
07C745A800000000488945E84531D2488B45E84885C0750CC645B83041BA0100
0000EB4E31D24889C18B45B04989C04889C849F7F04989D34983FB0A720A4983
EB0A4983C361EB044983C33046885C15B849FFC2488B45E84889C18B45B04989
C04889C831D249F7F0488945E84885C075B24C8B4DF04531C0837DA800740A41
C6012D49FFC149FFC04D85D2741349FFCA428A4415B841880149FFC149FFC0EB
E841C601004489C04889EC5DC3554889E54883EC60488955F84489C085C07905
B80600000083F81E7605B81E0000008945EC48C745F000000000660F2FC00F85
CF010000F20F10C8F20F5CC8660F2FC90F85D701000066480F7EC04885C07920
4C8B4DF841C6012D488345F00148B8000000000000008066480F6EC8660F57C1
F20F100D40000000660F2FC172144C8B4DF84C034DF041C7012D66696EE9C301
0000F2480F2CC0488945E0488945D84885C0750DC645C030C745D401000000EB
2E4531C0488B45E04885C0741C31D2B90A00000048F7F1488945E04883C23042
885405C049FFC0EBDB448945D4EB004C8B4DF84C034DF08B45D44989C24D85D2
741449FFCA428A4415C041880149FFC148FF45F0EBE7837DEC000F86DE000000
4C8B4DF84C034DF041C6012E48FF45F0488B45D8F2480F2AC8F20F5CC18B45EC
4189C34585DB743D48837DF04E7336F20F590500000000F24C0F2CC04C8B4DF8
4C034DF04C8945D04983C03045880148FF45F04C8B45D0F2490F2AC8F20F5CC1
41FFCBEBBEF20F100D38000000660F2FC1726B488B45F0FFC84189C14183F900
7C264C8B55F8438A040A3C2E74153C2D74113C397408FEC04388040AEB4043C6
040A3041FFC9EBD44C8B55F84531DB41803A2D750641BB01000000488B45F041
89C14539D97E0E438A440AFF4388040A41FFC9EBED43C6041A3148FF45F04C8B
4DF84C034DF041C60100488B45F04889EC5DC34C8B4DF841C7016E616E0041C6
410300B8030000004889EC5DC366480F7EC04885C078174C8B4DF841C701696E
660041C6410300B803000000EB2A4C8B4DF841C7012D696E6641C6410400B804
000000EB1341C701696E660041C64103008345F0038B45F04889EC5DC3488D05
9B0400004889EC5DC34831C04889EC5DC3554889E54883EC10554889E54881EC
D000000048894DF8488955F04C8945E84C894DE04885C9740748837DF0007507
31C04889EC5DC348836DF00148C745B000000000488B4DE88A1184D20F846D09
000080FA250F858307000048FF45E8C78560FFFFFF00000000C78558FFFFFF00
000000C78554FFFFFFFFFFFFFFC745CC00000000488B4DE88A1180FA2D750D83
8D60FFFFFF0148FF45E8EBE880FA30750D838D60FFFFFF0248FF45E8EBD680FA
2B750D838D60FFFFFF0448FF45E8EBC480FA20750D838D60FFFFFF0848FF45E8
EBB280FA23750D838D60FFFFFF1048FF45E8EBA0488B4DE88A1180FA2A75184C
8B55E0496302488345E008898558FFFFFF48FF45E8EB2780FA30722280FA3977
1D8B8558FFFFFF6BC00A0FB6D283EA3001D0898558FFFFFF48FF45E8EBB6488B
4DE88A1180FA2E755E48FF45E8C78554FFFFFF00000000488B4DE88A1180FA2A
75184C8B55E0496302488345E008898554FFFFFF48FF45E8EB2D488B4DE88A11
80FA30722280FA39771D8B8554FFFFFF6BC00A0FB6D283EA3001D0898554FFFF
FF48FF45E8EBD3488B4DE88A1180FA6C75268A510180FA6C7511C745CC020000
00488345E802E989000000C745CC0100000048FF45E8EB7C80FA6875238A5101
80FA68750EC745CC03000000488345E802EB61C745CC0300000048FF45E8EB54
80FA49753F8A510180FA3675168A510280FA347522C745CC02000000488345E8
03EB3180FA33750F8A510280FA327507488345E803EB1DC745CC0200000048FF
45E8EB1080FA7A750BC745CC0200000048FF45E8488B4DE88A1184D20F846D07
000048FF45E88855C880FA250F84E800000080FA630F84F600000080FA730F84
1901000080FA640F842202000080FA690F841902000080FA750F841002000080
FA780F84F702000080FA580F84EE02000080FA700F84D903000080FA660F8419
04000080FA460F841004000080FA670F844F04000080FA470F8446040000E95E
050000488B55B0483B55F0730C4C8B55F841880C1248FF45B0C34885D274204C
8B5DB04C3B5DF073164C8B55F88A014388041A48FF45B048FFC148FFCA75E0C3
4C8B55E04D8B1A488345E008C34C8B55E04D631A488345E008C34C8B55E0458B
1A488345E008C34C8B55E04C8B55E0F2410F100A488345E008C3B92500000048
83EC20E87BFFFFFF4883C420E9590600004883EC20E8B3FFFFFF4883C4204488
5DB8488D45B848898548FFFFFF48C78564FFFFFF01000000E9CC0400004883EC
20E87AFFFFFF4883C4204C899D48FFFFFF4D85DB750E4C8D1D480000004C899D
48FFFFFF488B8D48FFFFFF4883EC20E8BDF3FFFF4883C42048898564FFFFFF83
BD54FFFFFF0078168B8554FFFFFF483B8564FFFFFF730748898564FFFFFFF785
60FFFFFF0100000075398B8558FFFFFF483B8564FFFFFF762A448B8558FFFFFF
442B8564FFFFFF4585C07417B9200000004883EC20E8A9FEFFFF4883C42041FF
C8EBE4488B8D48FFFFFF488B9564FFFFFF4883EC20E8A0FEFFFF4883C420F785
60FFFFFF010000000F845C0500008B8558FFFFFF483B8564FFFFFF0F86490500
00448B8558FFFFFF442B8564FFFFFF4585C00F8432050000B9200000004883EC
20E83DFEFFFF4883C42041FFC8EBE08A45C83C757415837DCC0173244883EC20
E868FEFFFF4883C420EB22837DCC01730F4883EC20E860FEFFFF4883C420EB0D
4883EC20E837FEFFFF4883C4204C899D40FFFFFF4C8B9D40FFFFFF4C89D9488D
55B841B80A0000004883EC20E88CF7FFFF4883C42048898564FFFFFF488D45B8
48898548FFFFFF4C8B9D40FFFFFF4D85DB0F8832030000F78560FFFFFF040000
007402EB10F78560FFFFFF080000000F8414030000488B8D48FFFFFF48FFC148
8B9548FFFFFF4C8B8564FFFFFF49FFC04883EC20E8E7F6FFFF4883C420F78560
FFFFFF040000007406C645B82BEB04C645B820838564FFFFFF01E9CA0200008A
45C8888538FFFFFF837DCC01730F4883EC20E883FDFFFF4883C420EB0D4883EC
20E85AFDFFFF4883C4204C899D40FFFFFF4C89D9488D55B841B8100000004883
EC20E8B6F6FFFF4883C42048898564FFFFFF80BD38FFFFFF5875214531D24C3B
9564FFFFFF7315428A4415B83C6172072C2042884415B849FFC2EBE2F78560FF
FFFF10000000745B4883BD40FFFFFF007451488B8D64FFFFFF4883C103488D45
B8C64408FF00488D4DBA488D55B84C8B8564FFFFFF49FFC04883EC20E8FFF5FF
FF4883C420C645B83080BD38FFFFFF587506C645B958EB04C645B978838564FF
FFFF02488D45B848898548FFFFFFE9D60100004883EC20E884FCFFFF4883C420
C645B830C645B9784C89D9488D55BA41B8100000004883EC20E8DFF5FFFF4883
C42083C00248898564FFFFFF488D45B848898548FFFFFFE98D0100004883EC20
E862FCFFFF4883C4208B8554FFFFFF85C07905B8060000004989C0660FD68D34
FFFFFFF20F10C1488D55B84883EC20E879F6FFFF4883C42048898564FFFFFFE9
E20000004883EC20E81AFCFFFF4883C4208B8554FFFFFF85C07905B806000000
4989C0660FD68D34FFFFFFF20F10C1488D55B84883EC20E831F6FFFF4883C420
48898564FFFFFF4C8D4DB84531D2C78550FFFFFFFFFFFFFF4531C04C3B8564FF
FFFF731343803C012E750744898550FFFFFF49FFC0EBE483BD50FFFFFF000F8C
9B0000008B8564FFFFFFFFC84189C0443B8550FFFFFF7E1143803C0130750A43
C604010041FFC8EBE643803C012E750543C60401004C89C94883EC20E8B0EFFF
FF4883C42048898564FFFFFFEB5189D14883EC20E8EAFAFFFF4883C42048FF45
E8E94EF8FFFF488D45B848898548FFFFFF488B8534FFFFFF4885C0784CF78560
FFFFFF040000007405E927FDFFFFF78560FFFFFF08000000742FE916FDFFFFEB
C5B9250000004883EC20E894FAFFFF4883C4200FB64DC84883EC20E883FAFFFF
4883C420E961010000F78560FFFFFF020000000F84AC000000F78560FFFFFF01
0000000F859C00000083BD54FFFFFF000F898F0000004C8B9548FFFFFF4531DB
418A023C2D74083C2B74043C20750641BB010000008B8558FFFFFF2B8564FFFF
FF85C07E604189C04585DB74168B8D48FFFFFF0FB6094883EC20E804FAFFFF48
83C4204585C07417B9300000004883EC20E8EDF9FFFF4883C42041FFC8EBE448
8B8D48FFFFFF4C01D9488B9564FFFFFF4C29DA4883EC20E8DEF9FFFF4883C420
E9A5000000F78560FFFFFF0100000075398B8558FFFFFF483B8564FFFFFF762A
448B8558FFFFFF442B8564FFFFFF4585C07417B9200000004883EC20E882F9FF
FF4883C42041FFC8EBE4488B8D48FFFFFF488B9564FFFFFF4883EC20E879F9FF
FF4883C420F78560FFFFFF0100000074398B8558FFFFFF483B8564FFFFFF762A
448B8558FFFFFF442B8564FFFFFF4585C07417B9200000004883EC20E822F9FF
FF4883C42041FFC8EBE4E985F6FFFF4C8B55F8488B45B041C60402008B45B048
89EC5DC3488D059B0400004889EC5DC34831C04889EC5DC3554889E54883EC10
4883EC384C894C24584C8D4C2458E806F6FFFF4883C438C3554889E54883EC40
48894DF8488955F0488B05A0F800004885C0751B48C7C1F4FFFFFF4883EC20E8
000000004883C420488905A0F80000488B0DA0F80000488B55F8448B45F04C8D
0DA8F800004883EC2048C744242000000000E8000000004883C4204889EC5DC3
4881EC7808000048899424880800004C898424900800004C898C249808000049
89C84C8D8C2488080000488D4C2438BA000800004883EC20E85CF5FFFF4883C4
2085C07E154889C2488D4C24384883EC20E842FFFFFF4883C4204881C4780800
00C3554889E54883EC204885C974314885D2742C488B05B0080100483D000100
00731D486BC0104C8D0DB0F800004901C149891149894908488305AF08010001
4889EC5DC3554889E54881EC6010000048894DF84885C90F848E0000008B0185
C00F848400000083E8010F848700000083E8010F84BB00000083E8010F84E600
000083E8010F841601000083E8010F846E02000083E8010F842101000083E801
0F845B01000083E8010F849E01000083E8010F84BC01000083E8010F84F60100
00488D0D8D000000488B55F88B124C8B45F84883EC20E8C5FEFFFF4883C42048
8D0531E2FFFFE9EC020000488D054F000000E9E0020000488B45F8488B400848
85C07409488D1553000000EB07488D1558000000488D0DA0E800004883EC20E8
3BF0FFFF4883C420488D05A0E80000E9A3020000488B45F84C8B4808488D0DA0
E80000BA001000004C8D05A70000004883EC20E8C8FDFFFF4883C420488D05A0
E80000E96F020000488B45F8F20F1058084C8B4808488D0DA0E80000BA001000
004C8D05AC0000004883EC20E88FFDFFFF4883C420488D05A0E80000E9360200
00488B45F8488B40084885C00F8525020000488D055DE1FFFFE919020000488B
45F8488B40104885C07507488D0545E1FFFF4989C1488D0DA0E80000BA001000
004C8D05670000004883EC20E82FFDFFFF4883C420488D05A0E80000E9D60100
00488B45F8488B40084885C07409488B40184885C07507488D05F9E0FFFF4989
C1488D0DA0E80000BA001000004C8D05810000004883EC20E8E3FCFFFF4883C4
20488D05A0E80000E98A010000488D0DA0E80000488D155E0000004883EC20E8
FBEEFFFF4883C420488D05A0E80000E963010000488B45F8488B40084885C074
05488B00EB0231C04989C1488D0DA0E80000BA001000004C8D05730000004883
EC20E879FCFFFF4883C420488D05A0E80000E920010000488B45F8488B480848
85C974328B0183E8047519488B41084885C00F85FF000000488D0537E0FFFFE9
F30000004883EC20E858FDFFFF4883C420E9E1000000488D0519E0FFFFE9D500
0000488B45F84C8B40084D85C00F84BB00000048C745F000000000B95B000000
E8B70000004D8B08498B4008488945E84C894DE048C745D8000000004C8B55D8
4C3B55E873394D85D2740C488D0DAF000000E8A0000000488B45E04C8B55D84A
8B0CD04883EC20E8D9FCFFFF4883C4204889C1E87F000000488345D801EBBDB9
5D000000E853000000488B45F0483DFF0F00007605B8FF0F0000488945E8488D
0DA0E80000488D95A0EFFFFF4989C04883EC20E8DFE8FFFF4883C4204C8B4DE8
488D05A0E8000042C6040800EB09488D0541DFFFFFEB004889EC5DC3488B45F0
483D00100000730E488D95A0EFFFFF880C0248FF45F0C3514883EC20E8B0E8FF
FF4883C420594989C04D85C07426488B55F04881FA0010000073194C8D8DA0EF
FFFF8A014188041148FF45F048FFC149FFC8EBD5C3488D059B0400004889EC5D
C34831C04889EC5DC3554889E54883EC10554889E54881EC8000000048C745F8
0000000048C745F00000000048C745E80000000048C745E00000000048C745D8
0000000048C745A00000000048C745A80000000048C745B000000000C6459F00
4883EC20E8000000004883C420488945F84885C00F8420010000488945F0488B
45F08A003C2074043C097507488345F001EBEB488B45F08038000F840A010000
48C745A00000000048C745A80000000048C745B000000000C6459F00488B45F0
8A0084C074373C22750B80759F01488345F001EBE7807D9F0075083C20741E3C
09741A488D4DA088C24883EC20E83B0300004883C420488345F001EBBF488B45
E8488B4DE04839C87269488B45E04885C07507B808000000EB0348D1E0488945
E04889C148C1E1034883EC20E8F2E5FFFF4883C420488945C04831C9488B55E8
4839D17315488B55D84C8B04CA488B55C04C8904CA48FFC1EBE2488B4DD84883
EC20E8A0E6FFFF4883C420488B45C0488945D8488D4DA04883EC20E86F030000
4883C420488B4DD8488B55E8488904D1488345E801E9E4FEFFFF48C745E80000
000048C745D8000000008B45E88905B8080100488B45D8488905BC0801004883
EC20E8000000004883C4208905C4080100B9E9FD00004883EC20E80000000048
83C420B9E9FD00004883EC20E8000000004883C4204883EC20E8000000004883
C4204885C074134889C14883EC20E8141A00004883C4208B40084889C14883EC
20E8000000004883C420F44883EC384889C84889D14C89C24D89C84C8B4C2458
4C8B5424604C8B5C24684C895424204C895C2428FFD04883C438C34883EC28E8
3F070000488B0DD40801004885C97415488B5118488915D4080100488B691048
8B21FF61084889C1E83F07000031C9E800000000F4488D059B0400004889EC5D
C34831C04889EC5DC3554889E54883EC10554889E54885C97425488B0183E809
750E488B49084885C97414488B01EB124883EC20E8E79FFFFF4883C420EB0348
31C04889EC5DC3554889E54883EC4048894DF8488955F0B9180000004883EC20
E81EE4FFFF4883C420488945E848C70009000000B9100000004883EC20E801E4
FFFF4883C420488945E0488B4DF8488908488B4DF048894808488B45E8488B4D
E0488948084889EC5DC3554889E54883EC4048894DF8488955F0B91800000048
83EC20E8BBE3FFFF4883C420488945E848C7000A000000488B45F84885C0750D
4883EC20E88B9CFFFF4883C420488B4DE848894108488B55F0488951104889C8
4889EC5DC3554889E54883EC4048894DF8488955F0488B41084801D04883C001
488B51104839D0765F488B41104885C07507B840000000EB0348D1E0488945E8
488B4DF8488B5108488B4DF04801CA4883C2014839D0730548D1E0EBF6488945
E8488B4DF8488B09488B55E84883EC20E864E3FFFF4883C420488B4DF8488901
488B55E8488951104889EC5DC3554889E54883EC4048894DF8488955F0BA0100
00004883EC20E85AFFFFFF4883C420488B4DF8488B4108488B114C8B45F04488
040248FFC048894108488B11C60402004889EC5DC3554889E54883EC4048894D
F8488955F04889D14883EC20E8E0E3FFFF4883C420488945E8488B4DF84889C2
4883EC20E8FCFEFFFF4883C420488B4DF8488B11488B41084801C24889D1488B
55F04C8B45E84883EC20E888E3FFFF4883C420488B4DF8488B4108480345E848
894108488B11C60402004889EC5DC3554889E54883EC3048894DF8488B014885
C07515B9010000004883EC20E812E2FFFF4883C420C60000488945F0488B4DF8
48C7010000000048C741080000000048C7411000000000488B45F04889EC5DC3
554889E54883EC3048894DF8488B094883EC20E8AFE2FFFF4883C420488B4DF8
48C7010000000048C741080000000048C74110000000004889EC5DC34883EC28
E800000000F4554889E54883EC4048894DF8488955F0488B05CC0801004885C0
751B48C7C1F5FFFFFF4883EC20E8000000004883C420488905CC080100488B0D
CC080100488B55F8448B45F04C8D0DA8F800004883EC2048C744242000000000
E8000000004883C4204889EC5DC3554889E54885C974138A0184C0740938D074
0E48FFC1EBF184D274054831C0EB034889C84889EC5DC3554889E54883EC4048
894DF8488955F0448945D848C745E000000000C745DC000000004885C9751748
8B45F04885C07407488B4DF848890831C0E92901000048894DE8488B45E88A00
3C20740E3C09740A3C0A74063C0D7402EB07488345E801EBE1488B45E88A003C
2D750EC745DC01000000488345E801EB093C2B7505488345E8018B45D885C075
3E488B45E88A003C30752B488B45E88A40013C7874123C58740EC745D8080000
00488345E801EB3AC745D810000000488345E802EB2CC745D80A000000EB2383
F810751E488B45E88A003C307514488B45E88A40013C7874043C587505488345
E802488B45E88A0084C074560FB6C880F930720580F939762480F961720580F9
7A761280F941723A80F95A773580E94180C10AEB0B80E96180C10AEB0380E930
8B45D839C1731B8B45D8488B55E0480FAFD089C84801C2488955E0488345E801
EBA0488B45F04885C07407488B4DE8488908488B45E0837DDC00740348F7D848
89EC5DC3554889E54883EC5048894DF8488955F0C745C400000000C745D80000
000048C745D00000000048C745C8000000004831C066480F6EC048B89A999999
9999B93F488945E04885C9751D488B45F04885C07407488B4DF84889084831C0
66480F6EC0E99801000048894DE8488B45E88A003C20740E3C09740A3C0A7406
3C0D7402EB07488345E801EBE1488B45E88A003C2D750EC745C4010000004883
45E801EB093C2B7505488345E801488B45E88A003C3072223C39771E2C30480F
B6C0F2480F2AC8F20F590500000000F20F58C1488345E801EBD4488B45E88A00
3C2E7544488345E801488B45E88A003C3072353C3977312C30480FB6C0F2480F
2AC8F30F7E55E0F20F59CAF20F58C1F30F7E55E0F20F591508000000660FD655
E0488345E801EBC1488B45E88A003C6574043C457558C745D801000000488345
E801488B45E88A003C2D750F48C745C801000000488345E801EB093C2B750548
8345E801488B45E88A003C3072203C39771C2C30480FB6D0488B45D0486BC00A
4801D0488945D0488345E801EBD6488B45F04885C07407488B4DE8488908837D
D8007441488B45D04885C07438F30F7E1510000000488B4DD04883F9007D0348
F7D94885C9740DF20F59150000000048FFC9EBEE48837DD0007D06F20F5EC2EB
04F20F59C2837DC400741766480F7EC048B900000000000000804831C866480F
6EC04889EC5DC3488D059B0400004889EC5DC34831C04889EC5DC3554889E548
83EC10554889E54883EC3048894DF8488955F04883EC20E88EF9FFFF4883C420
488905DC0801004889EC5DC3554889E54883EC4048894DF84885C974078B0183
E80A741531C931D24883EC20E859F9FFFF4883C420488945F8488B45F8488B48
084885C9740D8B0183E8047506488B5108EB07488D1502010000488B4DF84C8B
4110488D0DB20000004883EC20E82EF1FFFF4883C420B9010000004883EC20E8
000000004883C420F4554889E5488B05D40801004885C0740B488B481848890D
D40801004889EC5DC3488B05DC080100C3554889E54883EC30488B05DC080100
4885C07417488B4808488B50104883EC20E8C5F7FFFF4883C420EB1131C931D2
4883EC20E8B2F7FFFF4883C4204889EC5DC3488D059B0400004889EC5DC34831
C04889EC5DC3554889E54883EC10554889E54881EC4008000048894DF88955F4
448945F0B800000080837DF4007405B8000000408945ECB8030000008945E883
7DF0007413B802000000837DF4007505B8040000008945E8B9E9FD000031D24C
8B45F849C7C1FFFFFFFF4883EC2048C74424200000000048C744242800000000
E8000000004883C42085C07E798945E43D00040000776FB9E9FD000031D24C8B
45F849C7C1FFFFFFFF4883EC20488D85E0F7FFFF48894424208B45E448894424
28E8000000004883C420488D8DE0F7FFFF8B55EC41B8010000004D31C94883EC
208B45E8488944242048C74424288000000048C744243000000000E800000000
4883C420EB0231C04889EC5DC3554889E54885C9740D4883EC20E80000000048
83C4204889EC5DC3554889E54883EC4048894DF8488955F04C8945E8C745E000
000000488B4DF8488B55F04C8B45E84C8D4DE04883EC2048C744242000000000
E8000000004883C42085C074058B45E0EB0231C04889EC5DC3554889E54883EC
3048894DF8488D55F04883EC20E8000000004883C42085C07406488B45F0EB02
31C04889EC5DC3554889E54883EC4048894DF8488955F0448945EC488B45F048
89C248C1EA208955E8488B4DF889C24C8D45E8448B4DEC4883EC20E800000000
4883C4208B55E883F8FF750C83FAFF7507B8FFFFFFFFEB0231C04889EC5DC355
4889E54883EC4048894DF84885C9743D4883EC20E82CEFFFFF4883C420488945
F04889C131D24531C04883EC20E8DCFDFFFF4883C4204885C074124889C14883
EC20E85B93FFFF4883C420EB0F31C94883EC20E84A93FFFF4883C4204889EC5D
C3554889E54883EC3048894DF84883EC20E88A95FFFF4883C4204885C0741048
89C14883EC20E882FEFFFF4883C42031C94883EC20E8BA92FFFF4883C4204889
EC5DC3554889E54883EC3048894DF84883EC20E84895FFFF4883C4204885C074
224889C14883EC20E8ACFEFFFF4883C4204889C14883EC20E8C592FFFF4883C4
20EB0F31C94883EC20E8B492FFFF4883C4204889EC5DC3554889E54883EC3048
894DF84883EC20E8F494FFFF4883C4204885C07F05B801000000488945F04889
C14883EC20E839D9FFFF4883C4204889C14883EC20E86892FFFF4883C4204889
EC5DC3554889E54883EC3048894DF84883EC20E8A894FFFF4883C4204885C074
104889C14883EC20E8DAD9FFFF4883C42031C94883EC20E8D891FFFF4883C420
4889EC5DC3554889E54883EC4048894DF84883EC20E86694FFFF4883C4204885
C07F05B801000000488945F031C94889C241B80030000041B9400000004883EC
20E8000000004883C420488945E84889C1488B55F04883EC20E849F4FFFF4883
C4204889EC5DC3554889E54883EC4048894DF8488955F04883EC20E8F1F3FFFF
4883C420488945E84885C0745F488B4DF04883EC20E8E693FFFF4883C4204885
C07E49488945E0488B4DE84889C241B8400000004C8D4DD84883EC20E8000000
004883C420488B45F84885C074188B0883E9097511488B48084885C97408488B
55E048895108488B45F8EB18488B45F84885C0750F31C94883EC20E82291FFFF
4883C4204889EC5DC3554889E54883EC4048894DF8488955F04885C9744E4885
D274494883EC20E845F3FFFF4883C420488945E84885C07433488B4DF04883EC
20E83A93FFFF4883C4204885C07C1D488945E0488B4DE88A04010FB6C84883EC
20E8BC90FFFF4883C420EB0F31C94883EC20E8AB90FFFF4883C4204889EC5DC3
554889E54883EC5048894DF8488955F04C8945E84885C974764885D274714D85
C0746C4883EC20E8C5F2FFFF4883C420488945E04885C07456488B4DF04883EC
20E8BA92FFFF4883C4204885C07C40488945D8488B4DE84883EC20E8A092FFFF
4883C420488945D0488B4DE0488B55D88A45D08804118B45D025FF00000089C1
4883EC20E81990FFFF4883C420EB0F31C94883EC20E80890FFFF4883C4204889
EC5DC3554889E54883EC3048894DF84885C974324883EC20E834F2FFFF4883C4
204885C07420488945F04883EC20FFD04883C4204889C14883EC20E8C28FFFFF
4883C420EB0F31C94883EC20E8B18FFFFF4883C4204889EC5DC3554889E54883
EC6048894DF8488955F04C8945E84885C90F84DF0000004883EC20E825EBFFFF
4883C420488945E04889C131D24531C04883EC20E8D5F9FFFF4883C420488945
D84885C00F84AC000000488B4DF04883EC20E8A991FFFF4883C4204885C07E17
488B4DD84889C24531C04883EC20E834FBFFFF4883C420488B4DE84883EC20E8
7C91FFFF4883C4204885C07F05B800010000488945C84889C14883C1014883EC
20E8BDD5FFFF4883C420488945C0488B4DD84889C24C8B45C84883EC20E866FA
FFFF4883C420488945B8488B4DC0C6040100488B4DD84883EC20E82EFAFFFF48
83C420488B4DC04883EC20E8259DFFFF4883C420EB0F31C94883EC20E8CF9CFF
FF4883C4204889EC5DC3554889E54883EC5048894DF8488955F04C8945E84883
EC20E8D990FFFF4883C420488945E04885C0745E488B4DF04883EC20E8BF90FF
FF4883C420488945D84885C07444488B4DE84883EC20E8A590FFFF4883C42048
85C07E2E488945D0488B4DE0488B55D84989C04883EC20E8ACF9FFFF4883C420
4889C14883EC20E8168EFFFF4883C420EB0F31C94883EC20E8058EFFFF4883C4
204889EC5DC3488D059B0400004889EC5DC34831C04889EC5DC3554889E54883
EC10554889E54883EC6048894DF84885C90F842A0100008B0183E8050F851F01
0000488B4108488945F0488B10488955E8488B5008488955E048C745C0000000
0048C745C80000000048C745D0000000004883FA02725A488B45E8488B084885
C9744E8B0183E8047547488B4908B2254883EC20E8F5F2FFFF4883C4204885C0
742F488D4DC0488B45E8488B10488B52084C8B45E84C8B4DE04883EC2048C744
242001000000E82F0200004883C420EB4648C745D800000000488B45D8483B45
E07334488B4DE8488B45D8488B0CC14883EC20E8ADE8FFFF4883C420488D4DC0
4889C24883EC20E809F1FFFF4883C420488345D801EBC2488D4DC0B20A4883EC
20E8A7F0FFFF4883C420488B45C04885C07507488D05040100004889C1488B55
C84883EC20E8DCF1FFFF4883C420488D4DC04883EC20E885F1FFFF4883C420EB
19488D0D05010000BA010000004883EC20E8B0F1FFFF4883C42031C94883EC20
E82F8CFFFF4883C4204889EC5DC3554889E54883EC6048894DF84885C90F842A
0100008B0183E8050F851F010000488B4108488945F0488B10488955E8488B50
08488955E048C745C00000000048C745C80000000048C745D0000000004883FA
02725A488B45E8488B084885C9744E8B0183E8047547488B4908B2254883EC20
E889F1FFFF4883C4204885C0742F488D4DC0488B45E8488B10488B52084C8B45
E84C8B4DE04883EC2048C744242001000000E8C30000004883C420EB4648C745
D800000000488B45D8483B45E07334488B4DE8488B45D8488B0CC14883EC20E8
41E7FFFF4883C420488D4DC04889C24883EC20E89DEFFFFF4883C420488345D8
01EBC2488D4DC0B20A4883EC20E83BEFFFFF4883C420488B45C04885C0750748
8D05040100004889C1488B55C84883EC20E8E2E5FFFF4883C420488D4DC04883
EC20E819F0FFFF4883C420EB19488D0D05010000BA010000004883EC20E8B6E5
FFFF4883C42031C94883EC20E8C38AFFFF4883C4204889EC5DC3554889E54881
ECC001000048894DF8488955F04C8945E84C894DE0488B4530488945D8B90010
0000E89CD1FFFF4885C00F8404040000488945C8488B45F0488945D0488B45D0
480FB60084C00F84E80300003C257531488B45D0480FB6400184C00F84D30300
003C257536488B4DF8BA25000000E85AEEFFFF488B45D04883C002488945D0EB
BB488B4DF8480FB6D0E83FEEFFFF488B45D048FFC0488945D0EBA1488B45D848
8B55E04839D07D1D488B4DE8488B45D8488B0CC148894D90488B45D848FFC048
8945D8EB114883EC20E8E689FFFF4883C42048894590488B4D90E8C6E5FFFF48
8B4DC84889C241B8FF0F0000E8EB070000488B4DC8C681FF0F000000488B45D0
480FB64001488945883C2D0F849A0100003C300F84920100003C2B0F848A0100
003C200F84820100003C230F847A0100003C2E0F84720100003C30720A3C390F
8666010000EB00488B45884883F86474624883F869745C4883F8660F84970000
004883F8670F848D0000004883F8650F84830000004883F8730F84B900000048
83F8780F84BE0000004883F8630F84F2000000488B4DF8BA25000000E82CEDFF
FF488B4DF8488B5588E81FEDFFFFE9E7000000488B4D90488B4D90E8A08BFFFF
4989C1488D8D80FEFFFFBA000100004C8D05A70000004883EC20E8A1E3FFFF48
83C420488B4DF8488D9580FEFFFFE822EDFFFFE9A2000000488B4D90E8FA8AFF
FF66490F7EC1488D8D80FEFFFFBA000100004C8D05AC0000004883EC20E85EE3
FFFF4883C420488B4DF8488D9580FEFFFFE8DFECFFFFEB62488B4DF8488B55C8
E8D0ECFFFFEB53488B4D90E8108BFFFF4989C1488D8D80FEFFFFBA000100004C
8D05070100004883EC20E811E3FFFF4883C420488B4DF8488D9580FEFFFFE892
ECFFFFEB15488B4D90E8D28AFFFF488B4DF84889C2E833ECFFFF488B45D04883
C002488945D0E991FDFFFFC645C025B80100000048894580488B45D048FFC048
8945D0488B45D0480FB60084C07456488B55804883FA1C7D4C4C8D55C0418804
1248FFC2488955803C6474393C6974353C6674313C67742D3C6574293C737425
3C7874213C63741D3C5874193C4674153C4774113C45740D488B45D048FFC048
8945D0EB9E488B4580480FB65405BF4889558880FA64741180FA69740C80FA78
740780FA587402EB20488B45804C8D55C041C64402FF6C41C604026C41885402
014883C00248894580488B45804C8D55C041C6040200488B45884883F8737523
488D8D80FEFFFFBA000100004C8D45C04C8B4DC84883EC20E8E3E1FFFF4883C4
20EB714883F86674324883F867742C4883F86574264883F84674204883F84774
1A4883F84574144883F863751E488B4D90E88A89FFFF4989C1EB1C488B4D90E8
1789FFFF66490F7EC1EB0C488B4D90E86C89FFFF4989C1488D8D80FEFFFFBA00
0100004C8D45C04883EC20E870E1FFFF4883C420488B4DF8488D9580FEFFFFE8
F1EAFFFF488B45D048FFC0488945D0E908FCFFFF488B4DC84885C97405E865CE
FFFF4889EC5DC3554889E54883EC4048894DF84885C90F848A0000004883EC20
E840E2FFFF4883C420488945F048C745E8000000004889C1488D55E84531C048
83EC20E82FECFFFF4883C420488945E0488B45E84885C074188038007513488B
4DE04883EC20E85786FFFF4883C420EB55488B45E84885C0743D80382E753848
8B4DF031D24883EC20E856EDFFFF4883C42066480F7EC14883EC20E8CA86FFFF
4883C420EB2031C94883EC20E81186FFFF4883C420EB0F31C94883EC20E80086
FFFF4883C4204889EC5DC3554889E54883EC4048894DF84883EC20E84088FFFF
4883C420488945F04885C07811483D8000000073128845E8C645E900EB638845
E8C645E900EB5A483D000800007322488B4DF04889CA48C1EA0680CAC08855E8
88CA80E23F80CA808855E9C645EA00EB30488B4DF04889CA48C1EA0C80CAE088
55E84889CA48C1EA0680E23F80CA808855E988CA80E23F80CA808855EAC645EB
00488D4DE84883EC20E88293FFFF4883C4204889EC5DC3554889E54883EC3048
894DF84885C90F84E70000004883EC20E8D0E0FFFF4883C4204885C00F84D100
00000FB60884C90F84C6000000488945F080F9800F82A400000089C825E00000
003DC0000000751A488B45F00FB6500189C883E01FC1E00683E23F09D0E98000
000089C825F00000003DE00000007528488B45F00FB65001440FB6400289C883
E00FC1E00C89D183E13FC1E10609C84183E03F4409C0EB4A89C825F80000003D
F0000000753A488B45F00FB65001440FB64002440FB6480389C883E007C1E012
89D183E13FC1E10C09C84489C183E13FC1E10609C84183E13F4409C8EB0489C8
89C889C14883EC20E85584FFFF4883C420EB0F31C94883EC20E84484FFFF4883
C4204889EC5DC3554889E54883EC3048894DF84885C974168B0183E801742083
E801741B83E801742D83E801744931C94883EC20E80984FFFF4883C420EB6248
8B4DF8488B49084883EC20E8F283FFFF4883C420EB4B488B45F8488B40086648
0F6EC0F2480F2CC84883EC20E8D183FFFF4883C420EB2A488B45F8488B480848
85C974AA4883EC20E8F3CCFFFF4883C4204889C14883EC20E8A583FFFF4883C4
204889EC5DC3554889E54883EC5048894DF8488B0578E80000486BC018488B0D
80E80000486BC9184801C8488B0D88E800004801C8488B0D90E80000486BC940
4801C8488B0D98E80000486BC9304801C841B80000100031D249F7F8488945F0
488B45F84885C07507488D05A7C1FFFF488D0D0C0100004889C24C8B0568E800
0041B95543DE134883EC20488B0578E800004889442420488B0580E800004889
442428488B0588E800004889442430488B0590E800004889442438488B0598E8
00004889442440488B45F04889442448E8CBDDFFFF4883C4204889EC5DC35548
89E54883EC4048894DF8488955F04885C974754885D274704883EC20E844DEFF
FF4883C420488945E84885C0745A488B4DF04883EC20E82ADEFFFF4883C42048
8945E04885C07440488B4DE84883EC20E8000000004883C4204885C0742A4889
45D84889C1488B55E04883EC20E8000000004883C4204889C14883EC20E84082
FFFF4883C420EB0F31C94883EC20E82F82FFFF4883C4204889EC5DC3554889E5
4883EC3048894DF8488955F04C8945E84885C974514885D2744C48C745E00000
0000488B45E0483B45E87321488B45F0488B4DE08A040884C07412488B4DF848
8B55E0880411488345E001EBD5488B45E0483B45E8730F488B4DF8C604010048
8345E001EBE7488B45F84889EC5DC3488D059B0400004889EC5DC34831C04889
EC5DC3554889E54883EC10554889E54883EC20E85884FFFF4889EC5DC3554889
E54883EC20E8FF85FFFF4889EC5DC3554889E54883EC20E89786FFFF4889EC5D
C3554889E54883EC20E83087FFFF4889EC5DC3554889E54883EC2048894DF848
85C9750C31C0E88F82FFFF4889EC5DC38B0183F803741B488B4DF8E88083FFFF
4885C0790348F7D8E86D82FFFF4889EC5DC3488B410848BA0000000000000080
4885D074034831D0E89B82FFFF4889EC5DC3554889E54883EC2048894DF84885
C9750C31C0E83082FFFF4889EC5DC38B0183F8037409488B45F84889EC5DC348
8B410866480F6EC0F2480F2CC0E80882FFFF4889EC5DC3554889E54883EC3048
894DF8488955F04885C975144883EC20E83F80FFFF4883C420488945F84889C1
488B55F04885D275184883EC20E82280FFFF4883C420488945F04889C2488B4D
F88B0183F801741383F802740E8B0283F801740783F8027402EB3D488B4DF0E8
9C82FFFF488945E84885C0750C31C0E88681FFFF4889EC5DC3488B4DF8E87E82
FFFF4899488B4DE848F7F94889D0E86781FFFF4889EC5DC3488B4DF0E8FA81FF
FF66480F7EC04885C0750C31C0E89681FFFF4889EC5DC3488945E0488B4DF8E8
D781FFFF66480F7EC0488945D866480F6EC0488B45E066480F6EC8F20F5EC1F2
480F2CC0F2480F2AC0F20F59C1488B45D866480F6EC8F20F5CC866480F7EC8E8
4481FFFF4889EC5DC3554889E54883EC5048894DF84885C90F84A40000008B01
83F8050F8599000000488B4108488945F0488B40084885C00F84840000004889
45E84831C0488945E0488945D8488B45E8488B55E04839C27D43488B45F0488B
00488B4DE0488B04C84889C1E82A81FFFF66480F7EC0488945D0488B45D86648
0F6EC8F20F58C166480F7EC0488945D8488B45E048FFC0488945E0EBB0488B45
D866480F6EC0488B45E8F2480F2AC8F20F5EC166480F7EC0E88B80FFFF4889EC
5DC331C0E87F80FFFF4889EC5DC3554889E54883EC5048894DF84885C90F84AF
0000008B0183F8050F85A4000000488B4108488945F0488B40084885C00F848F
000000488945E8488B45F0488B00488B00488945E04889C1E87E80FFFF66480F
7EC0488945D8B801000000488945D0488B45E8488B55D04839C27D4D488B45F0
488B00488B4DD0488B04C8488945C84889C1E84480FFFF66480F7EC0488B45D8
66480F6EC8660F2FC17611488B45C8488945E066480F7EC0488945D8488B45D0
48FFC0488945D0EBA6488B45E04889EC5DC34883EC20E8B97DFFFF4883C42048
89EC5DC3554889E54883EC5048894DF84885C90F84AF0000008B0183F8050F85
A4000000488B4108488945F0488B40084885C00F848F000000488945E8488B45
F0488B00488B00488945E04889C1E8A87FFFFF66480F7EC0488945D8B8010000
00488945D0488B45E8488B55D04839C27D4D488B45F0488B00488B4DD0488B04
C8488945C84889C1E86E7FFFFF66480F7EC0488B45D866480F6EC8660F2FC173
11488B45C8488945E066480F7EC0488945D8488B45D048FFC0488945D0EBA648
8B45E04889EC5DC34883EC20E8E37CFFFF4883C4204889EC5DC3554889E54883
EC2083F930720F83F939770AB8010000004889EC5DC331C04889EC5DC3554889
E54883EC2083F961720583F97A761183F941720583F95A760731C04889EC5DC3
B8010000004889EC5DC3554889E54883EC2083F930720583F939761B83F96172
0583F97A761183F941720583F95A760731C04889EC5DC3B8010000004889EC5D
C3554889E54883EC2083F930720583F939761B83F941720583F946761183F961
720583F966760731C04889EC5DC3B8010000004889EC5DC3554889E54883EC20
83F920741B83F909720F83F90D770AB8010000004889EC5DC331C04889EC5DC3
B8010000004889EC5DC3554889E54883EC2083F961720883F97A770383E92089
C84889EC5DC3554889E54883EC2083F941720883F95A770383C12089C84889EC
5DC3554889E54883EC20F048FF01488B014889EC5DC3554889E54883EC20F048
FF09488B014889EC5DC3554889E54883EC2048894DF8E8257EFFFF4885C07443
488945F0488B004885C07437488945E88B0083F801740E83F8027409488B45E8
4889EC5DC3488B4DE84883C108F048FF01488B45E8488B4008E8DC7CFFFF4889
EC5DC34883EC20E8287BFFFF4883C4204889EC5DC3554889E54883EC2048894D
F8E8BA7DFFFF4885C07443488945F0488B004885C07437488945E88B0083F801
740E83F8027409488B45E84889EC5DC3488B4DE84883C108F048FF09488B45E8
488B4008E8717CFFFF4889EC5DC34883EC20E8BD7AFFFF4883C4204889EC5DC3
554889E54883EC30B940000000E8B1C1FFFF4885C0750C31C0E83C7CFFFF4889
EC5DC3488945F84889C1BA4000000048C701000000004883C1084883EA0875EF
488B4DF84883EC20E8000000004883C420488B45F8E8007CFFFF4889EC5DC355
4889E54883EC20E8F47CFFFF4885C074104889C14883EC20E8000000004883C4
204883EC20E82A7AFFFF4883C4204889EC5DC3554889E54883EC20E8C07CFFFF
4885C074104889C14883EC20E8000000004883C4204883EC20E8F679FFFF4883
C4204889EC5DC3554889E54883EC204883EC20E8000000004883C420E8797BFF
FF4889EC5DC3554889E54883EC204883EC20E8000000004883C4204889EC5DC3
554889E54883EC20E8D9FFFFFFE8487BFFFF4889EC5DC3554889E54883EC2048
83EC20E8000000004883C4204889EC5DC3554889E54883EC204883F9007E0D48
83EC20E8000000004883C4204883EC20E85F79FFFF4883C4204889EC5DC3488D
059B0400004889EC5DC34831C04889EC5DC3554889E54883EC10554889E54883
EC2048894DF84889D04825FF0000004989CA4D85C0740B41880249FFC249FFC8
EBF0488B45F84889EC5DC3554889E54883EC204D85C074138A018A1238D07512
48FFC148FFC249FFC8EBE831C04889EC5DC30FB6C00FB6D229D04889EC5DC355
4889E54883EC2848894DF8488955F04889D14883C101E8C8BFFFFF4885C07424
488945E84889C1488B55F84C8B45F0E8E3C0FFFF488B4DE8488B55F0C6041100
488B45E84889EC5DC3554889E54883EC2048894DF80FB60185C0740548FFC1EB
F40FB602880185C0740848FFC148FFC2EBEF488B45F84889EC5DC3554889E548
83EC4048894DF8488955F04C8945E8488B4DF8488B55F04C8B45E84C8D4DE048
83EC2048C744242000000000E8000000004883C4204885C074088B45E04889EC
5DC331C04889EC5DC3554889E54883EC4048894DF8488955F0488B05E4080100
4885C0751B48C7C1F6FFFFFF4883EC20E8000000004883C420488905E4080100
488B0DE4080100488B55F8448B45F04C8D4DE84883EC2048C744242000000000
E8000000004883C4204885C074088B45E84889EC5DC331C04889EC5DC3554889
E54883EC20B9E9FD00004883EC20E8000000004883C420B9E9FD00004883EC20
E8000000004883C4204889EC5DC3554889E54883EC20E868BEFFFF4885C0753B
488D0D600100004883EC20E890D2FFFF4883C420488D0D050100004883EC20E8
7CD2FFFF4883C420B9010000004883EC20E8000000004883C420F44889EC5DC3
554889E54883EC20488B0558E800004885C075144883EC20E8000000004883C4
2048890558E800004889EC5DC3554889E54883EC3048894DF8488955F0488B05
EC1001004883F8400F8D88000000488B45F04883F8177E05B817000000488945
E84831C9488B55E84839D17D274C8D15EC080100488B05EC100100486BC01848
01C8488B55F8480FB6140A4188140248FFC1EBD04C8D15EC080100488B05EC10
0100486BC018480345E841C60402004C8D15EC0E0100488B05EC100100488B55
F0498914C2488B05EC10010048FFC0488905EC1001004889EC5DC3554889E548
83EC3048894DF8488955F0B900100000E82EBDFFFF4885C07437488945E84889
C1BA001000004C8B45F84C8B4DF0E8E6C6FFFF488B4DE8E855BEFFFF488B4DE8
4889C2E8D0D0FFFF488B4DE8E8D6BDFFFF4889EC5DC3554889E54883EC204889
4DF84885C97427E8B9D1FFFF4889C1BA0100000041B801000000E86FE0FFFF48
85C0740AE85177FFFF4889EC5DC331C0E84577FFFF4889EC5DC3554889E54883
EC3048894DF8488955F0E83178FFFF4885C07429488945E8488B4DF0E864D1FF
FF488945E04889C1E8C4BDFFFF488B4DE8488B55E04989C0E8FEFCFFFF4883EC
20E84E75FFFF4883C4204889EC5DC3554889E54883EC4048894DF84885C97476
E820D1FFFF4889C131D24531C0E8DCDFFFFF4885C0745F488945F04889C1E836
E1FFFF4885C07E45488945E8488D4801E80EBCFFFF4885C07433488945E0488B
4DF04889C24C8B45E8E8BAE0FFFF488B4DE0C6040100488B4DF0E88EE0FFFF48
8B4DE0E88D83FFFF4889EC5DC3488B4DF0E877E0FFFF488D0D04010000E82E83
FFFF4889EC5DC3554889E54881EC8000000048894DF8488955F04C8945E84885
C90F848C010000E879D0FFFF4889C131D24531C0E835DFFFFF4885C00F847101
0000488945E04889C1E88BE0FFFF4885C00F8E53010000488945D8488D4801E8
5FBBFFFF4885C00F843D010000488945D0488B4DE04889C24C8B45D8E807E0FF
FF488945A8488B4DD0C6040100488B4DE0E8D7DFFFFF488B4DF0E8C176FFFF48
85C07F05B801000000488945C8488B4DE8E8AA76FFFF4885C07905B8FFFFFF7F
488945C04831C0488945A04889459848894590B801000000488945B84831C048
8945B0488B45B0488B55A84839D00F8D92000000488B45B8488B55C04839D00F
8F810000004C8B55B0488B45B0488B55A84839D07D1E488B45D0488B55B0480F
B604103C0A740D488B45B048FFC0488945B0EBD5488B45B0488B55A84839D07D
0B488B45B048FFC0488945B0488B45B8488B55C84839D07C1D488D4DA0488B45
D04C01D04889C2488B45B04C29D04989C0E8B7020000488B45B848FFC0488945
B8E95DFFFFFF488D4DA0E800D8FFFF488945E0488B4DD0E80BBBFFFF488B4DE0
E8D081FFFF4889EC5DC3488B4DE0E8BADEFFFF488D0D04010000E87181FFFF48
89EC5DC3554889E54883EC4048894DF8488955F04C8945E84885C9746CE8C3CE
FFFF4889C1BA0100000041B801000000E879DDFFFF4885C0744F488945E0488B
4DF0E85975FFFF4885C07E0F488B4DE04889C24531C0E8ECDEFFFF488B4DE8E8
81CEFFFF488945D84889C1E8E1BAFFFF488B4DE0488B55D84989C0E81BFAFFFF
488B4DE0E824DEFFFF4883EC20E86272FFFF4883C4204889EC5DC3554889E548
83EC7048894DF8488955F04C8945E84C894DE04885C90F84ED000000E824CEFF
FF4889C1BA0100000041B801000000E8DADCFFFF4885C00F84CC000000488945
D8488B4DF0E8B674FFFF4885C07E0F488B4DD84889C24531C0E849DEFFFF488B
4DE0E89974FFFF488945D0488B4DE8E88C74FFFF488945C8488B45D04883F808
7507B801000000EB2E4883F8107507B802000000EB214883F8407507B8080000
00EB14483D800000007507B810000000EB05B804000000488945C04831C9488B
45C04839C17D28488B45C84889CA4885D2740948C1F80848FFCAEBF24825FF00
00004C8D55B04188040A48FFC1EBCF488B4DD8488D55B04C8B45C0E8FBF8FFFF
488B4DD8E804DDFFFF4883EC20E84271FFFF4883C4204889EC5DC3554889E548
83EC4048894DF8488955F04C8945E8E8CC73FFFF4885C07442488945E0488B4D
F0E8BA73FFFF4885C07430488945D8488B4DE8E8A873FFFF4885C07E1E488945
D0488B4DE0488B55D84989C0E88AF8FFFFE88472FFFF4889EC5DC331C0E87872
FFFF4889EC5DC3554889E54883EC3048894DF8488955F0E86473FFFF488945E8
488B4DF0E85773FFFF4885C07F05B801000000488945E0488B4DE84889C2E8F6
B7FFFFE83272FFFF4889EC5DC3554889E54883EC3848894DF8488955F04C8945
E8488B41084C01C04883C0014C8B49104C39C87E384C8B51104D85D2750841BA
40000000EB034D01D24939C27D054D01D2EBF6488B4DF8488B094C89D2E897B7
FFFF488B4DF84889014C895110488B4DF8488B01480341084889C1488B55F04C
8B45E8E84FB8FFFF488B4DF8488B4108480345E848894108488B01488B5108C6
0410004889EC5DC3554889E54883EC4048894DF8488955F04C8945D84C894DE0
B900100000E8D9B6FFFF4885C0743B488945D04889C1BA001000004C8B45F04C
8D4DD8E891C0FFFF4885C07E14488945C8488B4DF8488B55D04989C0E80CFFFF
FF488B4DD0E87DB7FFFF4889EC5DC3488D059B0400004889EC5DC34831C04889
EC5DC3554889E54883EC10554889E54883EC4048894DF84885C97472488B0148
85C0746A488945F0488B4128488945E0488B4130488945D8488B4138488945D0
488B4140488945C84883EC20488B45E04889442420488B45D84889442428488B
45D04889442430488B45C84889442438488B45F8488B4808488B50104C8B4018
4C8B4820488B45F0FFD04883C420488B4DF84885C9740D4883EC20E8C7B6FFFF
4883C42031C04889EC5DC3554889E54883EC3048894DF84885C9746C488B05B0
0801004885C07E60488945F04831C0488945E8488B45E8488B55F04839D07D48
4C8D15B0F80000488B45E8486BC0104C01D0488B5008488945E04885D2741C48
89D1488B55F8E8D9B6FFFF85C0750C488B45E0488B004889EC5DC3488B45E848
FFC0488945E8EBAB31C04889EC5DC3554889E54883EC20E829CAFFFF4889C1E8
AC7CFFFF4889EC5DC3554889E54883EC204885C974208B0183F8087519488B41
084885C07410488B004885C07408488B004889EC5DC34883EC20E8F56DFFFF48
83C4204889EC5DC3554889E54883EC204883EC20E8DB6DFFFF4883C4204889EC
5DC3554889E54883EC6048894DF8488955F04885C90F84FF000000E8A5C9FFFF
4885C00F84F10000004889C1E8DAFEFFFF4885C00F84E0000000488945E8B950
000000E89BB4FFFF4885C00F84C9000000488945E04889C131D241B850000000
E835F4FFFF488B45E0488B4DE8488908488B45F04885C074538B1083FA05754C
488B4808488B41084883F8087E05B8080000004885C07E34488945D8488945D0
488B11488955C84831C9488B45D04839C17D20488B45C8488B04C8488B55E04C
8D5208498904CA48FFC1EBDE4831C0488945D8488B45E0488B4DD889484831C9
31D24C8D0582FDFFFF4C8B4DE04883EC2048C744242000000000488D45C04889
442428E8000000004883C4204885C07515488B4DE0E8ADB4FFFF31C0E8596EFF
FF4889EC5DC3E84F6EFFFF4889EC5DC3554889E54883EC30E8436FFFFF4885C0
742C488945F84889C148C7C2FFFFFFFF4883EC20E8000000004883C420488B4D
F84883EC20E8000000004883C4204883EC20E85D6CFFFF4883C4204889EC5DC3
554889E54883EC20E8A3FFFFFF4889EC5DC3554889E54881EC9000000048894D
F8488955F04C8945E84C894DE0488B4530488945D8488B4538488945D0488B45
40488945C8E8A7CEFFFF4885C00F84A0000000488945C04831C0488945B8488B
45B84883F8067D36488B4CC5F04885C974148B1183FA047506488B4108EB09E8
7C6EFFFFEB0231C0488B55B8488944D5B0488B45B848FFC0488945B8EBC0488B
4DC0488B55B04C8B45A84C8B4DA0488B459848898578FFFFFF488B4590488985
70FFFFFF4883EC20488B8578FFFFFF4889442420488B8570FFFFFF4889442428
E886CDFFFF4883C420E80C6DFFFF4889EC5DC331C0E8006DFFFF4889EC5DC355
4889E54883EC6048894DF84831C0488905B8080100488905BC0801004885C90F
8444010000488945F0488945E8488945E0488B45F8480FB6003C200F84020100
003C090F84FA00000084C00F84020100004831C0488945D8488945B8488945B0
488945A8488B45F8480FB60084C07448488B4DD84885C975083C20743B3C0974
373C227519488B45D84883F001488945D8488B45F848FFC0488945F8EBC6480F
B6D0488D4DB8E8C2CEFFFF488B45F848FFC0488945F8EBAC488B45F0488B55E8
4839D07C56488B55E84885D27507BA08000000EB034801D2488955E84889D148
6BC908E87BB1FFFF488945D0488B4DF04885C97E10488B55E04989C84D6BC008
E892B2FFFF488B4DE04885C97405E834B2FFFF488B45D0488945E0488D4DB8E8
0BCFFFFF488B4DF0486BC90848034DE0488901488B45F048FFC0488945F0E9EE
FEFFFF488B45F848FFC0488945F8E9DEFEFFFF488B45F0488905B8080100488B
45E0488905BC0801004889EC5DC3554889E54883EC3048894DF84831C0488905
B8080100488905BC080100488B4DF8E86BFEFFFF4883EC20E8000000004883C4
20488905C4080100E893F2FFFFE80BF2FFFF4889EC5DC3554889E54881ECE000
000048894DF84885C97470E875C5FFFF4885C07466488945D84889C1E8D0B1FF
FF4883C0104889C1E876B0FFFF4885C07449488945F0488D0D860100004889C2
E85AB6FFFF488B4DF0488B55D8E8B7F0FFFF488D4DE8488D55E04531C04531C9
4883EC20E8000000004883C4204885C0751A488B4DF0E80CB1FFFF488D0D0401
0000E88977FFFF4889EC5DC3488B4DE0BA0100000041B8010000004883EC20E8
000000004883C4204831C0488D8D28FFFFFFBA680000004885D2740D48890148
83C1084883EA08EBEEB868000000898528FFFFFFB800010000898554FFFFFF48
C78558FFFFFF00000000488B45E048898560FFFFFF48898568FFFFFF4831C048
89459048894598488945A031C9488B55F04531C04531C94883EC2048C7442420
0100000048C74424280000000048C74424300000000048C74424380000000048
8D8528FFFFFF4889442440488D45904889442448E8000000004883C4204885C0
7530488B4DE84883EC20E8000000004883C420488B4DE04883EC20E800000000
4883C420488B4DF0E8FAAFFFFFE9E9FEFFFF488B4DE04883EC20E80000000048
83C420488B4D984883EC20E8000000004883C420B900020000E8E5AEFFFF4889
45D04831C0488945C0488945B8488945B0488B4DE8488B55D041B8000200004C
8D4DC84883EC2048C744242000000000E8000000004883C4204885C0741A8B45
C84885C07E12488D4DC0488B55D04989C0E8F7F6FFFFEBB9488B4D90BA307500
004883EC20E8000000004883C420488B4D904883EC20E8000000004883C42048
8B4DE84883EC20E8000000004883C420488B4DD0E82EAFFFFF488B4DF0E825AF
FFFF488D4DC0E804CCFFFF4889C1E8E275FFFF4889EC5DC3488D059B04000048
89EC5DC34831C04889EC5DC3554889E54883EC10554889E54883EC5048894DF8
4885C90F84220100008B0183F8050F8517010000488B4108488945F0488B4008
4885C00F8402010000488945E84831C0488945C8488945D0488945D8488B45F0
488B004885C07474488B084885C9746C8B1183FA047565488B41084885C0745C
4889C1BA25000000E861CCFFFF4885C0744A488D4DC8488B45F0488B10488B12
488B52084C8B004C8B4DE8488D4DC8488B45F0488B10488B12488B52084C8B00
4C8B4DE84883EC2048C744242001000000E884DBFFFF4883C420EB414831C048
8945C0488B45C0488B55E84839D07D2D488B45F0488B004C8B55C04A8B0CD0E8
01C2FFFF488D4DC84889C2E865CAFFFF488B45C048FFC0488945C0EBC6488B45
C84885C07507488D05040100004889C1E85B74FFFF488945B8488D4DC8E8FECA
FFFF488B45B84889EC5DC3488D0D04010000E83974FFFF4889EC5DC3488D059B
0400004889EC5DC34831C04889EC5DC3554889E54883EC100FB7C289C281E2FF
000000C1E208C1E80809D0C3554889E54881EC30020000488B05F41001004885
C07525B902020000488D95F0FDFFFF4883EC20E8000000004883C420B8010000
00488905F41001004889EC5DC3554889E54883EC5048894DF8488955F04C8945
E84C894DE0488B4528488945D8488B4530488945D0488D159B01000041B80700
0000E8B6ADFFFF85C0750E488B45F84883C007488945F8EB22488D15A3010000
41B808000000E892ADFFFF85C0750C488B45F84883C008488945F84831C9488B
45F8480FB60084C074313C3A742D3C2F7429488B45E848FFC84839C17D1D488B
45F88A10488B45F088140848FFC1488B45F848FFC0488945F8EBC3488B45F0C6
040800488B45E0C70050000000488B45F8480FB6003C3A7541488B45F848FFC0
488945F84831C9488B45F8480FB6003C30721C3C397718486BC90A4883E83048
01C1488B45F848FFC0488945F8EBD84885C97E06488B45E089084831C9488B45
F8480FB6003C2F7517488B45D8C6002FB901000000488B45F848FFC0488945F8
488B45F8480FB60084C07429488B45D048FFC84839C17D1D488B45F88A10488B
45D888140848FFC1488B45F848FFC0488945F8EBCB488B45D8C60408004885C9
750B488B45D8C6002FC64001004889EC5DC3554889E54883EC4048894DF84885
C97463E89DBFFFFF4885C07459488945F0E816FEFFFF488B4DF04883EC20E800
0000004883C4204885C0743A488B40184885C07431488B004885C074294889C2
4889D18B0189C14883EC20E8000000004883C4204885C0740D4889C1E8CF71FF
FF4889EC5DC3488D0D04010000E8BE71FFFF4889EC5DC3554889E54881EC8000
000048894DF84885C90F845E010000E811BFFFFF4885C00F8450010000488945
F0488D0D8E01000031D24531C04531C94883EC2048C744242000000000E80000
00004883C4204885C00F841E010000488945E84889C1488B55F04531C04531C9
4883EC20C74424200000008048C744242800000000E8000000004883C4204885
C07516488B4DE84883EC20E8000000004883C420E9D4000000488945E0B90020
0000E89CA9FFFF4885C00F849B000000488945D84831C0488945C0488945B848
8945B0488B4DE0488B55D841B8002000004C8D4DC84883EC2048C74424200000
0000E8000000004883C4204885C0741A8B45C84885C07E12488D4DC0488B55D8
4989C0E8A5F1FFFFEBB9488B4DE04883EC20E8000000004883C420488B4DE848
83EC20E8000000004883C420488B4DD8E8F2A9FFFF488D4DC0E8D1C6FFFF4889
C1E8AF70FFFF4889EC5DC3488B4DE04883EC20E8000000004883C420488B4DE8
4883EC20E8000000004883C420488D0D04010000E83770FFFF4889EC5DC35548
89E54881EC9000000048894DF8488955F04885C90F84CC030000E886BDFFFF48
85C00F84BE030000488945E8488B4DF04885C90F84AD030000E867BDFFFF4885
C00F849F030000488945E0B900010000E86EA8FFFF4885C00F84880300004889
45D8B900020000E857A8FFFF4885C00F8463030000488945D0488B4DE8488B55
D841B8000100004C8D4DC84883EC20488B45D04889442420B800020000488944
2428E8C6FBFFFF4883C420488D0D8E01000031D24531C04531C94883EC2048C7
44242000000000E8000000004883C4204885C00F84F1020000488945C04889C1
488B55D8440FB745C84531C94883EC2048C74424200000000048C74424280300
000048C74424300000000048C744243800000000E8000000004883C4204885C0
7516488B4DC04883EC20E8000000004883C420E992020000488945B84889C148
8D15040200004C8B45D04C8D0D090200004883EC2048C744242000000000488D
0512020000488944242848C74424300000000048C744243800000000E8000000
004883C4204885C07527488B4DB84883EC20E8000000004883C420488B4DC048
83EC20E8000000004883C420E919020000488945B0B900020000E804A7FFFF48
85C00F84CF010000488945A8488B4DE0E83CA8FFFF48894598488B4DA8BA0002
00004C8D05B00100004C8B4D984883EC20E88ABAFFFF4883C420488B4DE0E80E
A8FFFF48894598488B4DB0488B55A849C7C0FFFFFFFF4C8B4DE04883EC20488B
45984889442420E8000000004883C4204885C07541488B4DB04883EC20E80000
00004883C420488B4DB84883EC20E8000000004883C420488B4DC04883EC20E8
000000004883C420488B4DA8E836A7FFFFE954010000B900200000E843A6FFFF
4885C00F84D2000000488945A04831C0488945884889458048898578FFFFFF48
8B4DB0488B55A041B8002000004C8D4D904883EC2048C744242000000000E800
0000004883C4204885C0741A8B45904885C07E12488D4D88488B55A04989C0E8
49EEFFFFEBB9488B4DB04883EC20E8000000004883C420488B4DB84883EC20E8
000000004883C420488B4DC04883EC20E8000000004883C420488B4DA0E885A6
FFFF488B4DA8E87CA6FFFF488D4D88E85BC3FFFF4889C1E8396DFFFF488945F8
488B4DD8E85EA6FFFF488B4DD0E855A6FFFF488B45F84889EC5DC3488B4DB048
83EC20E8000000004883C420488B4DB84883EC20E8000000004883C420488B4D
C04883EC20E8000000004883C420488B4DA8E810A6FFFF488B4DB04883EC20E8
000000004883C420488B4DB84883EC20E8000000004883C420488B4DC04883EC
20E8000000004883C420488B4DD04885C97405E8CFA5FFFF488B4DD84885C974
05E8C1A5FFFF488D0D04010000E83E6CFFFF4889EC5DC3554889E54883EC6048
894DF84885C90F840B010000E894B9FFFF4885C00F84FD000000488945F0E809
F8FFFF488B4DF04883EC20E8000000004883C4204885C00F84DA000000488B40
184885C00F84CD000000488B004885C00F84C1000000488945E8B902000000BA
010000004531C04883EC20E8000000004883C4204883F8FF0F84990000004889
45E04831C0488945C0488945B866C745C00200BA50000000E87BF7FFFF668945
C2488B45E88B008945C44883EC20E833E3FFFF4883C420488945D8488B4DE048
8D55C041B8100000004883EC20E8000000004883C420488945D04883EC20E803
E3FFFF4883C420488B4DD84829C8488945D8488B4DE04883EC20E80000000048
83C420837DD0FF740E488B45D8E8485EFFFF4889EC5DC331C0E83C5EFFFF4889
EC5DC3554889E54881EC8002000048894DF8488955F0488945E8E8EDF6FFFF48
8B4DF84883EC20E8000000004883C4204885C00F84C1010000488B40184885C0
0F84B4010000488B004885C00F84A8010000488945E0B902000000BA01000000
4531C04883EC20E8000000004883C4204883F8FF0F8480010000488945D84831
C0488945A04889459866C745A00200488B55F0E860F6FFFF668945A2488B45E0
8B008945A4B80100000048894590488B4DD8BA7E6604804C8D45904883EC20E8
000000004883C420488B4DD8488D55A041B8100000004883EC20E80000000048
83C4204883F8FF0F85E10000004883EC20E8000000004883C4203D3327000074
1D3D142700007416488B4DD84883EC20E8000000004883C420E9DC000000C745
8C01000000488B45D848894590488B45E831D2B9E8030000F7F1894588488B45
E831D2B9E8030000F7F14869C0E8030000488B55E84829C24869D2E803000089
5584B90000000031D24C8D458C4531C94883EC20488D45884889442420E80000
00004883C4204885C07E5EC7458000000000C7857CFFFFFF04000000488B4DD8
BAFFFF000041B8071000004C8D4D804883EC20488D857CFFFFFF4889442420E8
000000004883C420837D8000751B488B4DD84883EC20E8000000004883C420B8
010000004889EC5DC3488B4DD84883EC20E8000000004883C42031C04889EC5D
C3554889E54883EC3048894DF84885C97419E86EB6FFFF4885C0740F480FB600
4885C07406488945F0EB0B488D05F6010000488945F0488B4DF0BA50000000B8
B80B0000E8BAFDFFFF4885C07518488B4DF0BABB010000B8B80B0000E8A2FDFF
FF4885C0740FB901000000E8F15BFFFF4889EC5DC331C9E8E55BFFFF4889EC5D
C3488D059B0400004889EC5DC34831C04889EC5DC3554889E54883EC10554889
E54883EC3048894DF8488B0558E800004885C075144883EC20E8000000004883
C42048890558E80000488B0D58E8000031D24C8B45F84D85C0750641B8010000
004883EC20E8000000004883C4204889EC5DC3554889E54883EC3048894DF848
8955F0488B0558E800004885C075144883EC20E8000000004883C42048890558
E8000048837DF8007527488B0D58E8000031D24C8B45F04D85C0750641B80100
00004883EC20E8000000004883C420EB29488B0D58E8000031D24C8B45F84C8B
4DF04D85C9750641B9010000004883EC20E8000000004883C4204889EC5DC355
4889E54883EC3048894DF8488B0558E800004885C0742148837DF800741A488B
0D58E8000031D24C8B45F84883EC20E8000000004883C4204889EC5DC3554889
E54883EC70488D4DF04883EC20E8000000004883C420488D7DB00FB745F0E864
000000C6072D48FFC70FB745F2E892000000C6072D48FFC70FB745F6E8830000
00C6072048FFC70FB745F8E874000000C6073A48FFC70FB745FAE865000000C6
073A48FFC70FB745FCE856000000C60700488D4DB04883EC20E8D266FFFF4883
C4204889EC5DC3B9E803000031D2F7F10430880748FFC789D0B96400000031D2
F7F10430880748FFC789D0B90A00000031D2F7F10430880748FFC780C2308817
48FFC7C3B90A00000031D2F7F10430880748FFC780C230881748FFC7C3554889
E54883EC2031C94883EC20E8E457FFFF4883C4204889EC5DC3554889E54883EC
3048894DF84885C974444883EC20E8B2B3FFFF4883C4204885C07432488945F0
4889C14883EC20E805A0FFFF4883C420488B4DF04801C8488945E8488D4DF048
83EC20E8F80500004883C420EB0F31C94883EC20E87B57FFFF4883C4204889EC
5DC3488B01488B51084839D07325440FB6004180F82074124180F809740C4180
F80A74064180F80D75094883C001488901EBCFC3554889E54883EC4048894DF8
4883010148C745E80000000048C745E00000000048C745D800000000488B45F8
488B08488B50084839D10F833E020000440FB6014180F8220F84300200004180
F85C0F85050200004883C1014889084839D10F8316020000440FB6014180F86E
750AB90A000000E9BF0100004180F874750AB909000000E9AF0100004180F872
750AB90D000000E99F0100004180F862750AB908000000E98F0100004180F866
750AB90C000000E97F0100004180F82F750AB92F000000E96F0100004180F822
750AB922000000E95F0100004180F85C750AB95C000000E94F0100004180F875
0F8542010000488B45F84883000148C745D0000000004531DB4983FB04736E48
8B45F8488B08488B50084839D1735E440FB60148C165D0044180F83072104180
F839770A4183E8304C0945D0EB324180F86172144180F866770E4183E8614183
C00A4C0945D0EB184180F84172124180F846770C4183E8414183C00A4C0945D0
488B45F84883000149FFC3EB8C48817DD0800000007319488D4DE88A55D04883
EC20E8C6B9FFFF4883C420E9B000000048817DD00008000073388B45D0C1E806
0CC088C2488D4DE84883EC20E89CB9FFFF4883C4208B45D083E03F0C8088C248
8D4DE84883EC20E881B9FFFF4883C420EB6E8B45D0C1E80C0CE088C2488D4DE8
4883EC20E864B9FFFF4883C4208B45D0C1E80683E03F0C8088C2488D4DE84883
EC20E846B9FFFF4883C4208B45D083E03F0C8088C2488D4DE84883EC20E82BB9
FFFF4883C420EB184489C188CA488D4DE84883EC20E813B9FFFF4883C420EB00
488B45F848830001E9CFFDFFFF488D4DE84488C24883EC20E8F0B8FFFF4883C4
20488B45F848830001E9AEFDFFFF488B45F8488B08488B50084839D173044883
0001488D4DE84883EC20E880B9FFFF4883C4204889C14883EC20E85663FFFF48
83C4204889EC5DC3554889E54883EC7048894DF8C745AC00000000C745A80000
0000488B45F8488B08488B50084839D17350837DAC3F734A440FB6014180F830
72064180F83976254180F82D741F4180F82B74194180F865740C4180F8457406
4180F82E751CC745A8010000008B45AC44884405B0FF45AC488B45F848830001
EBA08B45ACC64405B000837DA8007420488D4DB04883EC20E8709EFFFF4883C4
204883EC20E8E054FFFF4883C420EB21488D4DB04883EC20E8639DFFFF4883C4
204889C14883EC20E81554FFFF4883C4204889EC5DC3554889E54883EC404889
4DF8488301014883EC20E87A77FFFF4883C420488945F0488B4DF84883EC20E8
1EFCFFFF4883C420488B45F8488B08488B50084839D10F83F8000000440FB601
4180F87D750948830001E9E5000000488B45F8488B08488B50084839D10F83D1
000000488B4DF84883EC20E8D2FBFFFF4883C420488B4DF84883EC20E8F3FBFF
FF4883C420488945E8488B4DF84883EC20E8ACFBFFFF4883C420488B45F8488B
08488B50084839D10F838600000080393A750448830001488B4DF84883EC20E8
7EFBFFFF4883C420488B4DF84883EC20E84B0100004883C420488945E0488B4D
F0488B55E84C8B45E04883EC20E8F379FFFF4883C420488B4DF84883EC20E83F
FBFFFF4883C420488B45F8488B08488B50084839D1731D440FB6014180F82C75
0948830001E925FFFFFF4180F87D750448830001488B45F04889EC5DC3554889
E54883EC4048894DF8488301014883EC20E83376FFFF4883C420488945F0488B
4DF84883EC20E8D7FAFFFF4883C420488B45F8488B08488B50084839D10F8394
000000440FB6014180F85D750948830001E981000000488B45F8488B08488B50
084839D17371488B4DF84883EC20E88FFAFFFF4883C420488B4DF84883EC20E8
5C0000004883C420488B4DF04889C24883EC20E86176FFFF4883C420488B4DF8
4883EC20E859FAFFFF4883C420488B45F8488B08488B50084839D1731A440FB6
014180F82C750648830001EB894180F85D750448830001488B45F04889EC5DC3
554889E54883EC3048894DF84883EC20E80DFAFFFF4883C420488B45F8488B08
488B50084839D1721431C94883EC20E86051FFFF4883C420E969010000440FB6
014180F87B7516488B4DF84883EC20E882FDFFFF4883C420E9490100004180F8
5B7516488B4DF84883EC20E8ADFEFFFF4883C420E92D0100004180F822751648
8B4DF84883EC20E8C8F9FFFF4883C420E9110100004180F87475524829CA4883
FA040F82ED000000488B08488D152202000041B8040000004883EC20E87C99FF
FF4883C4204885C00F85C7000000488B45F848830004B9010000004883EC20E8
E050FFFF4883C420E9B90000004180F8667550488B45F8488B08488B50084829
CA4883FA050F828A000000488D152702000041B8050000004883EC20E81C99FF
FF4883C4204885C0756B488B45F84883000531C94883EC20E88750FFFF4883C4
20EB634180F86E754C488B45F8488B08488B50084829CA4883FA047238488D15
2D02000041B8040000004883EC20E8CA98FFFF4883C4204885C07519488B45F8
4883000431C94883EC20E80550FFFF4883C420EB11488B4DF84883EC20E866FB
FFFF4883C4204889EC5DC3554889E54883EC4048894DF848C745D80000000048
C745E00000000048C745E800000000488D4DD8488B55F84883EC20E82C010000
4883C420488D4DD84883EC20E87EB4FFFF4883C4204889C14883EC20E8545EFF
FF4883C4204889EC5DC3554889E54883EC3048894DF8488955F0488B4DF8B222
4883EC20E884B3FFFF4883C420488B45F0440FB6004584C00F84B60000004180
F8227509488D1532020000EB764180F85C7509488D1535020000EB674180F80A
7509488D1538020000EB584180F8097509488D153B020000EB494180F80D7509
488D153E020000EB3A4180F820731E488B4DF8488D15520200004D0FB6C04883
EC20E801DFFFFF4883C420EB3D488B4DF84488C24883EC20E8F0B2FFFF4883C4
20EB27488955E8488B55E88A0284C07419488B4DF888C24883EC20E8CDB2FFFF
4883C42048FF45E8EBDD488345F001E939FFFFFF488B4DF8B2224883EC20E8AA
B2FFFF4883C4204889EC5DC3554889E54883EC4048894DF8488955F04885D275
10488B4DF8488D1541020000E9D10200008B0283F8007510488B4DF8488D1541
020000E9BA02000083F801752B488B45F048837808007410488B4DF8488D1546
020000E99A020000488B4DF8488D154B020000E98A02000083F8027525488B45
F04C8B4008488B4DF8488D15A70000004883EC20E80FDEFFFF4883C420E98702
000083F8037525488B45F04C8B4008488B4DF8488D15AC0000004883EC20E8E5
DDFFFF4883C420E95D02000083F804752A488B45F0488B50084885D27507488D
1551020000488B4DF84883EC20E818FEFFFF4883C420E92E02000083F8050F85
F3010000488B45F0488B5008488955E8488B4A084531C04531C94939C8733D48
8B45E8488B104A8B04C24885C074288338057523488B500848837A0802751848
8B12488B124885D2740D833A04750841B901000000EB0549FFC0EBBE4585C90F
8414010000488B4DF8B27B4883EC20E839B1FFFF4883C420C745E00100000048
C745D000000000488B45E8488B4DD0483B48080F83C8000000488B45E8488B10
488B4DD0488B04CA4885C00F84A70000008338050F859E000000488B50084883
7A08020F858F000000488B02488B004885C00F8480000000833804757B488945
D8837DE0007513488B4DF8B22C4883EC20E8B7B0FFFF4883C420C745E0000000
00488B4DF8488B55D8488B52084883EC20E8F4FCFFFF4883C420488B4DF8B23A
4883EC20E884B0FFFF4883C420488B45E8488B10488B4DD0488B04CA488B4008
488B00488B5008488B4DF84883EC20E8B8FDFFFF4883C42048FF45D0E926FFFF
FF488B4DF8B27D4883EC20E83DB0FFFF4883C420E9B0000000488B4DF8B25B48
83EC20E825B0FFFF4883C42048C745D000000000488B45E8488B4DD0483B4808
734048837DD0007413488B4DF8B22C4883EC20E8F5AFFFFF4883C420488B45E8
488B10488B4DD0488B14CA488B4DF84883EC20E834FDFFFF4883C42048FF45D0
EBB2488B4DF8B25D4883EC20E8BCAFFFFF4883C420EB32488B4DF8488D154102
0000488955C8488B55C88A0284C07419488B4DF888C24883EC20E88EAFFFFF48
83C42048FF45C8EBDD554889E54883EC4048894DF8488955F04885C90F84E900
00004883EC20E83AA7FFFF4883C4204885C00F84D3000000488945E8488B4DF0
4885C90F84C20000004883EC20E813A7FFFF4883C4204885C00F84AC00000048
8945E04889C14883EC20E86293FFFF4883C420488B4DE04801C8488945D8488B
45E0483B45D8732980385E7524488B4DE04883C101488B55D84C8B45E84883EC
20E8790000004883C4204885C0744BEB35488B45E8488945D0488B4DE0488B55
D84C8B45D04883EC20E8510000004883C4204885C0750F488B45D0803800741A
48FF45D0EBD3B9010000004883EC20E8B04AFFFF4883C420EB2031C94883EC20
E89F4AFFFF4883C420EB0F31C94883EC20E88E4AFFFF4883C4204889EC5DC355
4889E54881ECA000000048894DF8488955F04C8945E8488B45F8483B45F07209
488B45E8E95D030000440FB6004180F8247516488B45E88038000F85A4000000
488B45E8E93D0300004180F8297509488B45E8E92E0300004180F87C7509488B
45E8E91F0300004180F8280F8561010000488B45F84883C001488945E048C745
D80100000048C745D000000000488B4DE0483B4DF0734348837DD800763C440F
B6014180F828750648FF45D8EB264180F829750648FF4DD8EB114180F87C7514
48837DD801750D48894DD048837DD8007502EB0648FF45E0EBB3488B4DE0483B
4DF0720731C0E99B020000488B45E04883C001488945C8488B45F84883C00148
8945C0488B45D04885C07406488B45D0EB04488B45E0488945B8488B45D04885
C0740A4883C001488945B0EB0848C745B000000000488B4DC0488B55B84C8B45
E84883EC20E8B5FEFFFF4883C4204885C07427488945A8488B4DC8488B55F04C
8B45A84883EC20E893FEFFFF4883C4204885C07405E90C02000048837DB0000F
845FFFFFFF488B4DB0488B55E04C8B45E84883EC20E865FEFFFF4883C4204885
C00F843DFFFFFF488945A8488B4DC8488B55F04C8B45A84883EC20E83FFEFFFF
4883C4204885C00F8417FFFFFFE9B40100004C8D4DA0488B4DF8488B55F04C8B
45E84883EC20E8A00100004883C4204885C00F84ECFEFFFF488B45A0483B45F0
7306440FB600EB034531C04180F82A0F84830000004180F82B0F84E900000041
80F83F7422488B4DA0488B55F04C8B45E84983C0014883EC20E8C1FDFFFF4883
C420E93F010000488B45A04883C00148894598488B4D98488B55F04C8B45E848
83EC20E897FDFFFF4883C4204885C07405E910010000488B4D98488B55F04C8B
45E84983C0014883EC20E870FDFFFF4883C420E9EE000000488B45A04883C001
48894598488B45E848894590488B4D98488B55F04C8B45904883EC20E83EFDFF
FF4883C4204885C07405E9B70000004C8D4D88488B4DF8488B55F04C8B459048
83EC20E8A30000004883C4204885C00F84EFFDFFFF488B45908038000F84E2FD
FFFF48FF4590EBA4488B45A04883C00148894598488B45E88038000F84C3FDFF
FF488B45E84883C00148894590488B4D98488B55F04C8B45904883EC20E8BDFC
FFFF4883C4204885C07402EB394C8D4D88488B4DF8488B55F04C8B45904883EC
20E8250000004883C4204885C00F8471FDFFFF488B45908038000F8464FDFFFF
48FF4590EBA74889EC5DC3554889E54881EC4001000048894DF8488955F04C89
45E84C894DE0488B45F8483B45F0720731C0E9B9010000440FB6004180F82E75
22488B45E880380074E6488B45F84883C001488B4DE0488901B801000000E98D
0100004180F85C0F85C7000000488B45F84883C001483B45F07202EBB3440FB6
004531C94180F864751F488B45E80FB6003C300F82960000003C390F878E0000
0041B901000000EB684180F877752B488B45E80FB6003C3072043C3976143C61
72043C7A760C3C4172043C5A76043C5F755D41B901000000EB374180F873751F
488B45E80FB6003C20740C3C0974083C0A74043C0D753841B901000000EB1248
8B45E80FB6004438C0752441B9010000004585C97419488B45F84883C002488B
4DE0488901B801000000E9C1000000E9FCFEFFFF4180F85B0F858E000000488B
4DF8488B55F04C8D85E0FEFFFF4C8D8DD8FEFFFF4883EC30488D85D0FEFFFF48
89442420E88C0000004883C430488B45E88038000F84B6FEFFFF0FB610488D8D
E0FEFFFF4883EC20E821ABFFFF4883C4204885C0740841B801000000EB034531
C083BDD8FEFFFF0074044183F0014585C00F8479FEFFFF488B85D0FEFFFF488B
4DE0488901B801000000EB24488B45E80FB6004438C00F8554FEFFFF488B45F8
4883C001488B4DE0488901B8010000004889EC5DC3554889E54883EC3048894D
F8488955F04C8945E84C894DE04C8B55304C8955D8488B45F84883C001488945
D0488B45E0C70000000000488B45D0483B45F0731380385E750E488B45E0C700
0100000048FF45D04531DB488B45D0483B45F0736F80385D746A4981FBFF0000
007361440FB600488B4DD0488B55F04889C84883C0024839D073380FB641013C
2D75300FB641023C5D74280FB651024489C0488B4DE84288041949FFC34981FB
FF0000007306FFC039D076E6488345D003EB98488B4DE84688041949FFC348FF
45D0EB87488B45D0483B45F0730448FF45D0488B45E842C6041800488B45D848
8B4DD04889084889EC5DC34889EC5DC3488D059B0400004889EC5DC34831C048
89EC5DC3000000000000000000000000000024409A9999999999B93F00000000
0000F03F01000000000000000100000000000000010000000000000000000000
00000000000000000000E03F000000000000E043286E756C6C2900E7A9BA0074
7275650066616C7365003CE5BC95E794A83E003CE587BDE695B03A25733E003C
E58685E5AD983A256C6C643E003CE5AE9EE4BE8B3A25733E005B6462672D7461
675D207461673D256420616464723D25700A00256C6C64002567002C2000E69C
AAE68D95E88EB7E79A84E5BC82E5B8B87E20257328E8A18C20256C6C642920E2
8094E2809420E6ACA7E5B0BCE985B12CE5BC82E5B8B8E6B2A1E4BABAE68EA52C
E7A88BE5BA8FE6B2A1E4BA860A003F00000A00256C6C78005B6D656D3A25735D
20706F6F6C3D256C6C642F2564206F766572666C6F773D256C6C64207374723D
256C6C6428256C6C644229206C6973743D256C6C6420696E73743D256C6C6420
6573743D256C6C644D420A0061746C616E6167653A20E887B4E591BDE99499E8
AFAF3A206F7574206F66206D656D6F727900636D64202F63200041746C616E61
67652F312E3000687474703A2F2F0068747470733A2F2F002A2F2A00436F6E74
656E742D547970653A206170706C69636174696F6E2F782D7777772D666F726D
2D75726C656E636F6465640D0A436F6E74656E742D4C656E6774683A2025640D
0A007777772E62616964752E636F6D00504F535400485454502F312E3100AC01
0000000000000000000000000000747275650066616C7365006E756C6C005C22
005C5C005C6E005C74005C72006E756C6C00747275650066616C736500005C75
2530347800040000000000000069020000000000005F5F72745F646566735F30
00040000000000000085020000000000005F5F72745F646566735F7033000400
000000000000A2020000000000005F5F72745F646566735F7033620004000000
00000000C0020000000000005F5F72745F646566735F70336300040000000000
0000DE020000000000005F5F72745F646566735F6175695F7374756200040000
000000000001030000000000005F5F72745F646566735F310004000000000000
001D030000000000005F5F72745F646566735F32000400000000000000390300
00000000005F5F72745F646566735F3300040000000000000055030000000000
005F5F72745F646566735F3400040000000000000071030000000000005F5F72
745F646566735F350004000000000000008D030000000000005F5F72745F6465
66735F36000400000000000000A9030000000000005F5F72745F646566735F38
000400000000000000C5030000000000005F5F72745F646566735F3700040000
0000000000E1030000000000005F5F72745F646566735F390004000000000000
00FD030000000000005F5F72745F646566735F31300004000000000000001A04
0000000000005F5F72745F646566735F31310004000000000000003704000000
0000005F5F72745F646566735F31320004000000000000005404000000000000
5F5F72745F646566735F313300040000000000000071040000000000005F5F72
745F646566735F31340004000000000000008E040000000000005F5F72745F64
6566735F31350002000000000000000000000000000000020000000000000001
0000000000000001000000000000000100000000000000010000000000000000
0000000000000000000000000000006902000000000000003A00000000000085
02000000000000703C000000000000A2020000000000004C3D000000000000C0
02000000000000CD46000000000000DE020000000000000F4700000000000001
030000000000000B4D0000000000001D03000000000000E55000000000000039
03000000000000CC5A0000000000005503000000000000FD5F00000000000071
030000000000009D620000000000008D030000000000008F69000000000000A9
03000000000000BA6A000000000000C5030000000000006E72000000000000E1
03000000000000B77E000000000000FD03000000000000C6860000000000001A
0400000000000097900000000000003704000000000000009900000000000054
04000000000000649A000000000000710400000000000009A60000000000008E
0400000000000000000000000000000000000000000000000F00000004000000
0400440000000600000004004D000000060000000400180E0000040000000400
320E0000040000000400390E0000040000000400470E0000040000000400A716
0000040000000400B0160000040000000400D2160000040000000400DD160000
040000000400552200000400000004005F2200000400000004006A2200000400
000004007622000004000000040099220000040000000400A322000004000000
0400D7220000040000000400EA220000040000000400F7220000040000000400
0D230000040000000400142300000400000004002B2300000400000004003423
00000400000004003B2300000400000004005723000004000000040062230000
04000000040069230000040000000400702300000400000004008F2300000400
0000040099230000040000000400E8230000040000000400EF39000006000000
04000D3B00000400000004005F3C0000060000000400843C0000040000000400
973C0000040000000400A83C0000040000000400C83C0000040000000400DB3C
0000040000000400F03C0000040000000400063D0000040000000400193D0000
0400000004002E3D00000400000004003B3D0000060000000400003F00000400
000004001C3F0000040000000400863F0000040000000400AC3F000004000000
04000642000004000000040034420000040000000400D2420000040000000400
F8420000040000000400BC460000060000000400FE4600000600000004002647
0000040000000400344700002106000004003F47000004000000040046470000
04000000040060470000220600000400804700000400000004008E4700002106
0000040099470000040000000400A9470000040000000400C347000022060000
0400D0470000040000000400EE4700002306000004000F480000040000000400
1D480000210600000400284800000400000004002F4800000400000004003E48
0000240600000400FA4A0000060000000400244B0000060000000400514B0000
060000000400C04B0000060000000400D04B0000060000000400224C00000400
00000400484C0000260600000400534C00000400000004005A4C000004000000
0400684C0000250600000400734C00000400000004007C4C0000040000000400
884C00000400000004009B4C0000040000000400B44C0000040000000400C14C
0000040000000400CC4C0000040000000400FA4C0000060000000400D84E0000
060000000400A74F0000060000000400DD4F0000060000000400D45000000600
000004008D540000060000000400BB5A0000060000000400FF5A000004000000
0400145B00002706000004001F5B0000040000000400265B0000040000000400
355B0000040000000400475B0000280600000400CB5B0000040000000400DE5B
0000040000000400EF5B0000040000000400785C0000060000000400A25C0000
060000000400BB5C0000060000000400C45C0000060000000400CB5C00000400
00000400DF5C0000040000000400F35C0000040000000400FF5C000006000000
0400135D00000400000004002C5D0000040000000400385D0000060000000400
4C5D00000400000004008C5D0000040000000400985D0000060000000400AC5D
0000040000000400D85D0000040000000400E45D0000060000000400F85D0000
040000000400045E00000400000004000B5E00000600000004001F5E00000400
00000400425E00000400000004004E5E0000060000000400625E000004000000
0400025F0000060000000400555F0000040000000400775F0000040000000400
EC5F0000060000000400596000002B0600000400A3610000040000000400AE61
0000040000000400B7610000250600000400C1610000040000000400CF610000
2C0600000400E16100002D0600000400EE610000290600000400166200002A06
000004005B6200000400000004006B620000040000000400846200002A060000
04008C620000060000000400756500002A06000004008D650000040000000400
A2650000270600000400AD650000040000000400B4650000040000000400C365
0000040000000400D56500002806000004003F6800000600000004008C680000
060000000400256900000600000004003F6900000600000004007E6900000600
00000400B76900000400000004000A6A0000060000000400196A000006000000
0400346A00002A0600000400446A0000040000000400546A0000040000000400
606A0000040000000400706A0000040000000400A96A0000060000000400356B
00002F0600000400766B00002F0600000400B06B00002E0600000400CF6B0000
300600000400156C0000310600000400426C0000320600000400906C00003306
00000400766E0000260600000400F16E00003406000004005D72000006000000
04008A730000060000000400B8730000060000000400F6740000060000000400
247500000600000004002677000006000000040069770000060000000400B677
0000060000000400C97C0000040000000400D47C0000040000000400E27C0000
040000000400EC7C0000040000000400FA7C0000040000000400277D00000600
00000400317D0000040000000400427D00000400000004004E7D000004000000
04005A7D0000040000000400667D0000040000000400727D0000040000000400
E57D0000350600000400027E0000360600000400A67E00000600000004009D85
0000390600000400CD8500003A0600000400018600003B060000040028860000
2506000004004786000038060000040078860000370600000400988600003706
00000400B5860000060000000400E18700002806000004001088000004000000
0400258800002706000004003088000004000000040037880000040000000400
55880000310600000400838800002C0600000400958800002D0600000400B788
0000060000000400CB880000060000000400E68800002A0600000400FF880000
0400000004000D89000021060000040018890000040000000400348900000400
00000400648900000400000004006B8900000400000004008B89000004000000
040092890000040000000400A6890000040000000400AD890000040000000400
BC890000040000000400C68900000400000004004D8B00000600000004000A8D
0000060000000400869000000600000004005391000004000000040077910000
040000000400389300003C0600000400899300003D06000004009A9300003006
00000400C5940000040000000400CC9400000400000004000E96000004000000
040019960000040000000400349600000400000004003B960000040000000400
4D96000025060000040058960000040000000400AD960000060000000400D996
00003E0600000400F2960000060000000400149700003F0600000400C9970000
400600000400DF970000300600000400F09700003006000004000F9800003006
0000040020980000300600000400659800003106000004009A9800003D060000
0400AB980000300600000400BC980000300600000400EF980000060000000400
1D9A0000060000000400429A0000060000000400539A00000600000004008E9A
0000040000000400A89A0000480600000400B89A0000040000000400EC9A0000
060000000400109B0000060000000400739C0000490600000400A09C00004A06
00000400BD9C0000060000000400F89C0000060000000400129D000041060000
04004A9D0000420600000400609D0000440600000400B79D0000430600000400
E79D0000440600000400F89D0000440600000400289E0000440600000400399E
0000440600000400449E0000060000000400029F00000600000004001C9F0000
410600000400699F00004506000004007F9F0000440600000400969F00000600
00000400A19F0000060000000400B59F0000060000000400D19F000046060000
0400E79F0000440600000400F89F000044060000040039A00000060000000400
7CA0000047060000040092A00000440600000400A3A00000440600000400B4A0
000044060000040013A1000043060000040043A1000044060000040054A10000
44060000040065A10000440600000400B8A10000440600000400C9A100004406
00000400DAA10000440600000400F4A1000044060000040005A2000044060000
040016A200004406000004003DA2000006000000040080A20000490600000400
C0A200004B060000040022A300004C06000004004FA300004D06000004009CA3
0000490600000400DCA300004B060000040034A400004E06000004004FA40000
4C060000040066A4000051060000040085A400004D0600000400F2A400004F06
0000040034A500005006000004004BA500004D060000040066A500004D060000
0400A2A50000060000000400F8A5000006000000040020A60000040000000400
2EA6000021060000040039A6000004000000040040A600000400000004005AA6
00002206000004007AA6000004000000040088A6000021060000040093A60000
040000000400A1A60000040000000400BBA60000220600000400C8A600000400
00000400E6A6000023060000040002A7000004000000040015A7000004000000
040024A7000024060000040042A7000052060000040022AF0000060000000400
82AF0000060000000400D4AF0000060000000400BBB00000060000000400CAB0
0000060000000400D9B00000060000000400E8B00000060000000400F7B00000
0600000004000AB100000600000004009CB10000060000000400B3B100000600
00000400D3B10000060000000400E3B1000006000000040000B2000006000000
04002AB2000006000000040055B2000006000000040072B40000060000000400
27BC000006000000040012020000060000000100610200000600000001007D02
00000600000001009A020000060000000100B8020000060000000100D6020000
060000000100F902000006000000010015030000060000000100310300000600
000001004D030000060000000100690300000600000001008503000006000000
0100A1030000060000000100BD030000060000000100D9030000060000000100
F5030000060000000100120400000600000001002F0400000600000001004C04
00000600000001006904000006000000010086040000060000000100DB040000
020000000100E3040000060000000100EB040000020000000100F30400000600
00000100FB040000020000000100030500000600000001000B05000002000000
0100130500000600000001001B05000002000000010023050000060000000100
2B050000020000000100330500000600000001003B0500000200000001004305
00000600000001004B050000020000000100530500000600000001005B050000
020000000100630500000600000001006B050000020000000100730500000600
000001007B050000020000000100830500000600000001008B05000002000000
0100930500000600000001009B050000020000000100A3050000060000000100
AB050000020000000100B3050000060000000100BB050000020000000100C305
0000060000000100CB050000020000000100D3050000060000000100DB050000
020000000100E3050000060000000100EB050000020000000100F30500000600
00000100FB050000020000000100030600000600000001000B06000002000000
0100130600000600000001002E66696C6500000000000000FEFF000067015F61
746C5F6275696C642E61736D000000002E746578740000000000000001000000
030138BC000065010000000000000000000000002E6273730000000000000000
0200000003010411010000000000000000000000000000002E64617461000000
000000000300000003012B0600003D000000000000000000000000002E616273
6F6C757400000000FFFF00000300000000000400000027000000010000000300
000000001A0000003100000001000000030000000000310000004A0000000100
000003000000000045000000510000000100000003000000000058000000AF00
0000010000000300000000006E000000BA000000010000000300000000008100
0000C80000000100000003000000000095000000D90000000100000003000000
0000A7000000ED00000001000000030000000000B9000000F700000001000000
030000000000CC0000004F01000001000000030000000000DD00000067010000
01000000030000000000EF000000A20100000100000003000000000001010000
AE010000010000000300000000000D010000D501000001000000030000000000
1A010000FC010000010000000300000000002D01000023020000010000000300
000000003F0100004F020000010000000300000000004C010000790200000100
0000030000000000620100009102000001000000030000000000760100009B02
0000010000000300000000008D010000A602000001000000030000000000A201
0000AF02000001000000030000000000B6010000B40200000100000003000000
0000C0010000E002000001000000030000000000D3010000F802000001000000
030000000000E30100000603000001000000030000000000F40100000B030000
010000000300000000000802000011030000010000000300000000001A020000
1F030000010000000300000000002B0200004D03000001000000030000000000
3C0200006E030000010000000300000000004D02000081030000010000000300
000000005D0200006C0400000100000003000000000071020000720400000100
0000030000000000890200007804000001000000030000000000990200008604
000001000000030000000000AB0200009404000001000000030000000000BC02
0000A604000001000000030000000000CB020000060500000100000003000000
0000DC0200002705000001000000030000000000ED0200003505000001000000
030000000000FF02000043050000010000000300000000001203000055050000
010000000300000000001F030000B00500000100000003000000000030030000
D10500000100000003000000000041030000DF05000001000000030000000000
53030000ED050000010000000300000000006603000000060000010000000300
00000000730300005B06000001000000030000000000840300007C0600000100
0000030000000000950300008A06000001000000030000000000A70300009806
000001000000030000000000BA030000AD06000001000000030000000000C803
0000D706000001000000030000000000D50300003C0700000100000003000000
0000E60300005D07000001000000030000000000F70300007707000001000000
03000000000007040000D7070000010000000300000000001A040000F8070000
010000000300000000002D0400004D080000010000000300000000003E040000
6E080000010000000300000000004F040000C308000001000000030000000000
62040000E4080000010000000300000000007504000035090000010000000300
0000000088040000740900000100000003000000000099040000950900000100
0000030000000000AA040000ED09000001000000030000000000BB0400000E0A
000001000000030000000000CC040000660A000001000000030000000000DB04
0000870A000001000000030000000000EA040000A20A00000100000003000000
0000FE040000E40A00000100000003000000000010050000F20A000001000000
03000000000020050000000B000001000000030000000000330500000C0B0000
0100000003000000000040050000260B00000100000003000000000051050000
5C0B000001000000030000000000600500006B0B000001000000030000000000
70050000A00B0000010000000300000000007F050000C10B0000010000000300
000000008E050000030C000001000000030000000000A0050000320C00000100
0000030000000000AD050000680C000001000000030000000000BC050000770C
000001000000030000000000CC050000AB0C000001000000030000000000DC05
0000E50C000001000000030000000000EB050000250D00000100000003000000
0000FB050000590D0000010000000300000000000B0600000000000002000000
0300000000001506000008000000020000000300000000001F06000010000000
0200000003000000000029060000180000000200000003000000000034060000
20000000020000000300000000003E0600002800000002000000030000000000
48060000650D000001000000030000000000570600006C0D0000010000000300
000000006F060000970D000001000000030000000000840600009D0D00000100
000003000000000099060000A30D000001000000030000000000AE060000A70D
000001000000030000000000C6060000AC0D000001000000030000000000DE06
0000B10D000001000000030000000000EF060000BB0D00000100000003000000
000009070000EF0D00000100000003000000000020070000F50D000001000000
03000000000037070000FB0D0000010000000300000000004E070000FF0D0000
0100000003000000000068070000040E00000100000003000000000082070000
090E0000010000000300000000008D070000440E000001000000030000000000
A0070000650E000001000000030000000000B6070000AF0E0000010000000300
00000000C7070000BF0E000001000000030000000000D4070000E80E00000100
0000030000000000E6070000F80E000001000000030000000000F9070000030F
0000010000000300000000000D0800000B0F0000010000000300000000001F08
00002E0F00000100000003000000000036080000390F00000100000003000000
00004E0800004E0F000001000000030000000000670800005B0F000001000000
03000000000081080000800F0000010000000300000000009B080000820F0000
01000000030000000000B4080000AB0F000001000000030000000000CA080000
B90F000001000000030000000000E1080000CE0F000001000000030000000000
F9080000DB0F0000010000000300000000001209000037100000010000000300
000000002B090000391000000100000003000000000043090000621000000100
00000300000000005609000070100000010000000300000000006A0900008510
0000010000000300000000007F09000092100000010000000300000000009509
0000F210000001000000030000000000AB090000F41000000100000003000000
0000C00900001C11000001000000030000000000D20900002311000001000000
030000000000E70900004911000001000000030000000000FA09000086110000
010000000300000000000D0A00009711000001000000030000000000230A0000
9F11000001000000030000000000360A00004512000001000000030000000000
500A000053120000010000000300000000006B0A000068120000010000000300
00000000870A00007512000001000000030000000000A40A0000961200000100
0000030000000000C00A0000A612000001000000030000000000DC0A0000D312
000001000000030000000000F80A0000D712000001000000030000000000120B
000002130000010000000300000000002B0B0000151300000100000003000000
0000450B00002713000001000000030000000000610B00003813000001000000
0300000000007C0B00004513000001000000030000000000980B00006C130000
01000000030000000000B20B00008113000001000000030000000000CD0B0000
9713000001000000030000000000E80B00009E13000001000000030000000000
030C0000A2130000010000000300000000001C0C0000CD130000010000000300
00000000340C0000E0130000010000000300000000004D0C0000F51300000100
0000030000000000680C00000614000001000000030000000000820C00001314
0000010000000300000000009D0C00003A14000001000000030000000000B60C
00004E14000001000000030000000000D00C0000821400000100000003000000
0000E70C00008914000001000000030000000000FE0C00009014000001000000
030000000000150D000095140000010000000300000000002F0D00009C140000
01000000030000000000490D0000A014000001000000030000000000610D0000
CF140000010000000300000000007A0D0000E214000001000000030000000000
940D0000F714000001000000030000000000AF0D000004150000010000000300
00000000CB0D00002D15000001000000030000000000E40D00003A1500000100
0000030000000000FF0D00003F150000010000000300000000001E0E00005215
000001000000030000000000380E00006215000001000000030000000000520E
00009F150000010000000300000000006B0E0000A61500000100000003000000
0000840E0000AD150000010000000300000000009D0E0000B215000001000000
030000000000B90E0000B915000001000000030000000000D70E0000DC150000
01000000030000000000F10E0000F0150000010000000300000000000B0F0000
2416000001000000030000000000240F00002B16000001000000030000000000
3D0F00003216000001000000030000000000560F000037160000010000000300
00000000720F00003E16000001000000030000000000900F0000421600000100
0000030000000000A90F00006816000001000000030000000000BD0F00007616
000001000000030000000000D20F00008616000001000000030000000000E80F
00009716000001000000030000000000FD0F0000B61600000100000003000000
000012100000E1160000010000000300000000002C1000000517000001000000
030000000000411000000717000001000000030000000000551000002F170000
010000000300000000006D1000003B1700000100000003000000000086100000
4917000001000000030000000000A01000008A17000001000000030000000000
B91000009B17000001000000030000000000D5100000A3170000010000000300
00000000EE1000000718000001000000030000000000091100005C1800000100
0000030000000000241100006C18000001000000030000000000401100007E18
0000010000000300000000005D110000A6180000010000000300000000007A11
0000371900000100000003000000000097110000411900000100000003000000
0000B4110000B419000001000000030000000000D1110000F019000001000000
030000000000E91100000C1A00000100000003000000000002120000411A0000
010000000300000000001D1200007D1A00000100000003000000000032120000
891A00000100000003000000000048120000C51A000001000000030000000000
5F120000E31A00000100000003000000000076120000F41A0000010000000300
000000008C1200000D1B000001000000030000000000A4120000491B00000100
0000030000000000B9120000551B000001000000030000000000CF120000911B
000001000000030000000000E6120000AF1B000001000000030000000000FD12
0000C01B00000100000003000000000013130000D91B00000100000003000000
00002B1300001D1C00000100000003000000000041130000291C000001000000
030000000000581300003E1C000001000000030000000000701300004B1C0000
010000000300000000008B1300005C1C000001000000030000000000A2130000
691C000001000000030000000000BC1300009D1C000001000000030000000000
D5130000AD1C000001000000030000000000EE130000D61C0000010000000300
00000000071400003F1D00000100000003000000000020140000CC1D00000100
000003000000000039140000CC1D00000100000003000000000051140000F21D
0000010000000300000000006D1400000B1E0000010000000300000000008614
00004B1E0000010000000300000000009B140000571E00000100000003000000
0000B1140000761E000001000000030000000000C8140000831E000001000000
030000000000E2140000A81E000001000000030000000000FA140000C11E0000
0100000003000000000011150000551F00000100000003000000000028150000
831F00000100000003000000000042150000AB1F000001000000030000000000
56150000B71F0000010000000300000000006B150000DB1F0000010000000300
000000007F150000FF1F00000100000003000000000096150000062000000100
0000030000000000AA1500000E20000001000000030000000000BE1500003920
000001000000030000000000D51500004020000001000000030000000000E915
00009A2000000100000003000000000000160000DA2000000100000003000000
000016160000E6200000010000000300000000002D160000FB20000001000000
0300000000004416000000210000010000000300000000005F16000010210000
010000000300000000007516000055210000010000000300000000008D160000
8E21000001000000030000000000A4160000AB21000001000000030000000000
BD160000EA21000001000000030000000000D3160000F5210000010000000300
00000000EA1600000A2200000100000003000000000002170000172200000100
00000300000000001B1700003B22000001000000030000000000341700003D22
0000010000000300000000004C17000067220000010000000300000000006017
00007E2200000100000003000000000076170000AB2200000100000003000000
00008C170000E722000001000000030000000000A31700000723000001000000
030000000000BA1700000A23000001000000030000000000D317000031230000
01000000030000000000EB170000B72300000100000003000000000002180000
7024000001000000030000000000151800007B24000001000000030000000000
2A18000083240000010000000300000000003D180000E6240000010000000300
0000000052180000FB24000001000000030000000000661800005B2500000100
00000300000000007C1800007B25000001000000030000000000901800009725
000001000000030000000000A5180000B725000001000000030000000000BA18
0000DF25000001000000030000000000CF180000EB2500000100000003000000
0000E3180000F825000001000000030000000000F8180000FD25000001000000
0300000000000E1900003E260000010000000300000000002319000072260000
0100000003000000000039190000F5260000010000000300000000004F190000
FF26000001000000030000000000631900006027000001000000030000000000
781900006C270000010000000300000000008C19000079270000010000000300
00000000A11900007E27000001000000030000000000B7190000B52700000100
0000030000000000CC190000BA27000001000000030000000000E2190000D627
000001000000030000000000F719000001280000010000000300000000000D1A
00008C28000001000000030000000000231A0000962800000100000003000000
0000381A0000FF280000010000000300000000004C1A00002D29000001000000
030000000000611A000062290000010000000300000000007A1A000070290000
010000000300000000008F1A00009F29000001000000030000000000A51A0000
EB29000001000000030000000000BD1A0000202A000001000000030000000000
D41A00009C2A000001000000030000000000EC1A0000D22A0000010000000300
00000000031B0000D72A0000010000000300000000001E1B0000072B00000100
0000030000000000371B0000482B0000010000000300000000004F1B00005E2B
000001000000030000000000671B0000862B0000010000000300000000007D1B
0000BA2B000001000000030000000000981B0000292C00000100000003000000
0000B21B0000622C000001000000030000000000C81B00008F2C000001000000
030000000000DE1B0000F22C000001000000030000000000F51B0000F92C0000
010000000300000000000E1C0000472D000001000000030000000000271C0000
512D0000010000000300000000003F1C00008E2D000001000000030000000000
5A1C0000C42D000001000000030000000000761C0000D52D0000010000000300
00000000911C0000FE2D000001000000030000000000AE1C00002B2E00000100
0000030000000000C81C0000352E000001000000030000000000E31C00003F2E
000001000000030000000000FE1C0000462E0000010000000300000000001A1D
0000482E000001000000030000000000351D0000892E00000100000003000000
00004B1D0000BF2E000001000000030000000000621D0000CF2E000001000000
030000000000781D0000F82E000001000000030000000000901D0000252F0000
01000000030000000000A51D00002F2F000001000000030000000000BB1D0000
392F000001000000030000000000D01D00003F2F000001000000030000000000
E61D0000462F000001000000030000000000FA1D0000B92F0000010000000300
000000000F1E00002930000001000000030000000000241E0000473000000100
0000030000000000391E000050300000010000000300000000004D1E0000CB30
000001000000030000000000661E00004F310000010000000300000000007F1E
00005931000001000000030000000000981E0000623100000100000003000000
0000B01E0000D831000001000000030000000000C91E00004632000001000000
030000000000E21E00005132000001000000030000000000FB1E00005A320000
01000000030000000000141F00006A320000010000000300000000002B1F0000
A032000001000000030000000000401F0000AD32000001000000030000000000
561F0000D2320000010000000300000000006B1F0000F7320000010000000300
00000000811F0000F932000001000000030000000000961F0000373300000100
0000030000000000B01F00004433000001000000030000000000CB1F00005C33
000001000000030000000000E51F0000C733000001000000030000000000FF1F
0000CE3300000100000003000000000019200000D53300000100000003000000
000034200000D7330000010000000300000000004E2000001534000001000000
030000000000632000002234000001000000030000000000792000003A340000
010000000300000000008E200000B934000001000000030000000000A3200000
C334000001000000030000000000B82000000435000001000000030000000000
CD2000001135000001000000030000000000E320000029350000010000000300
00000000F8200000B4350000010000000300000000000D210000BE3500000100
000003000000000021210000E93500000100000003000000000035210000F135
0000010000000300000000004D21000021360000010000000300000000006321
00004E3600000100000003000000000077210000523600000100000003000000
00008F2100007836000001000000030000000000A4210000B236000001000000
030000000000C1210000BF36000001000000030000000000DF210000D7360000
01000000030000000000FC2100005E370000010000000300000000001A220000
9B3700000100000003000000000037220000B437000001000000030000000000
54220000BE370000010000000300000000007022000004380000010000000300
00000000872200005D380000010000000300000000009E220000643800000100
0000030000000000B4220000AA38000001000000030000000000CD2200000439
000001000000030000000000E62200000B39000001000000030000000000FE22
000014390000010000000300000000000C230000683900000100000003000000
00001A230000BD3900000100000003000000000024230000083A000001000000
030000000000312300002C3A0000010000000300000000003E2300003D3A0000
0100000003000000000053230000893A0000010000000300000000006D230000
C53A00000100000003000000000088230000C73A000001000000030000000000
A3230000D73A000001000000030000000000BC2300000A3B0000010000000300
00000000D5230000CF3B000001000000030000000000EA230000043C00000100
000003000000000002240000483C0000010000000300000000001A2400003000
0000020000000300000000002724000030100000020000000300000000003624
000038100000020000000300000000004424000038D000000200000003000000
00005424000040D00000020000000300000000006124000040E8000002000000
0300000000007024000048E80000020000000300000000007C240000AD3C0000
0100000003000000000096240000F53C000001000000030000000000B1240000
333D000001000000030000000000D2240000543D000001000000030000000000
E1240000BA3D000001000000030000000000EF240000213E0000010000000300
00000000FE240000703E0000010000000300000000000E250000BC3E00000100
000003000000000018250000C33E000001000000030072745F656D707479CA3E
000001000000030072745F716D61726BCB3E0000010000000300000000002225
0000CD3E00000100000003000000000031250000E53E00000100000003000000
000049250000113F0000010000000300000000005E250000753F000001000000
03000000000076250000833F0000010000000300000000008F2500009B3F0000
01000000030000000000A4250000D73F000001000000030000000000BC250000
E53F000001000000030000000000D5250000FB3F000001000000030000000000
EC250000FD3F000001000000030000000000032600005B400000010000000300
000000001E260000D04000000100000003000000000036260000DB4000000100
000003000000000050260000F240000001000000030000000000682600004541
0000010000000300000000008026000073410000010000000300000000009826
00008341000001000000030000000000B32600009D4100000100000003000000
0000CA260000BF41000001000000030000000000E1260000CE41000001000000
030000000000F9260000D3410000010000000300000000000B270000EB410000
01000000030000000000262700001F420000010000000300000000003E270000
7B4200000100000003000000000059270000A742000001000000030000000000
74270000B5420000010000000300000000008F270000BE420000010000000300
00000000AA270000CF42000001000000030000000000C6270000E74200000100
0000030000000000DE2700002343000001000000030000000000F92700003143
0000010000000300000000001528000047430000010000000300000000002F28
00004E43000001000000030000000000492800009C4300000100000003000000
000063280000D6430000010000000300000000007C2800000A44000001000000
030000000000952800005A44000001000000030000000000AC28000089440000
01000000030000000000C42800009244000001000000030000000000D9280000
A144000001000000030000000000EF2800001645000001000000030000000000
0629000045450000010000000300000000001E2900004E450000010000000300
00000000332900005D45000001000000030000000000492900009B4500000100
000003000000000066290000EE4500000100000003000000000083290000F545
000001000000030000000000A52900002246000001000000030000000000C329
00004E46000001000000030000000000E1290000554600000100000003000000
0000042A00006646000001000000030000000000252A00008046000001000000
030000000000442A00009D46000001000000030000000000642A0000B0460000
01000000030000000000852A000000000000030000000300000000008F2A0000
0800000003000000030072745F64626C5F311000000003000000030000000000
992A00001800000003000000030000000000A62A000028000000030000000300
00000000B42A000058E8000002000000030072745F706F6F6C0060E800000200
0000030000000000BE2A000068E8000002000000030000000000CA2A000070E8
000002000000030000000000D72A00004347000001000000030000000000EE2A
00005B47000001000000030000000000022B00009D4700000100000003000000
00001A2B0000BE47000001000000030000000000302B0000CD47000001000000
030000000000472B0000E9470000010000000300000000005C2B0000F6470000
01000000030000000000742B00002C48000001000000030000000000872B0000
4A48000001000000030000000000992B00005348000001000000030000000000
AE2B00006448000001000000030000000000C22B00006C480000010000000300
00000000D72B00007748000001000000030000000000EB2B0000844800000100
0000030000000000FD2B000090480000010000000300000000000F2C00009048
000001000000030000000000242C0000A648000001000000030000000000392C
0000BB48000001000000030000000000502C0000D94800000100000003000000
0000672C0000E4480000010000000300000000007E2C0000F748000001000000
030000000000942C00000349000001000000030000000000AA2C00001F490000
01000000030000000000BF2C00002449000001000000030000000000D52C0000
2849000001000000030000000000E72C00002C49000001000000030000000000
FC2C00008C49000001000000030000000000102D000091490000010000000300
00000000252D0000AE49000001000000030000000000392D0000B64900000100
00000300000000004D2D0000BC49000001000000030000000000632D0000C149
000001000000030000000000762D0000E1490000010000000300000000008E2D
0000E649000001000000030000000000A32D0000F64900000100000003000000
0000B82D0000FE49000001000000030000000000CF2D0000184A000001000000
030000000000E72D00001C4A000001000000030000000000FE2D0000364A0000
01000000030000000000142E00004E4A0000010000000300000000002B2E0000
644A000001000000030000000000402E0000754A000001000000030000000000
552E00007D4A000001000000030000000000692E00007E4A0000010000000300
000000007E2E0000AD4A0000010000000300000000008F2E0000CD4A00000100
0000030000000000A52E0000D24A000001000000030000000000B82E0000E24A
000001000000030000000000CB2E0000EA4A000001000000030000000000DD2E
0000124B000001000000030000000000EF2E0000284B00000100000003000000
0000022F00005A4B000001000000030000000000142F0000644B000001000000
030000000000292F00008C4B000001000000030000000000402F0000944B0000
01000000030000000000592F0000B24B000001000000030000000000702F0000
C74B000001000000030000000000872F0000D94B000001000000030000000000
9E2F0000E64B000001000000030000000000B02F0000EA4B0000010000000300
00000000C22F0000024C000001000000030000000000D42F0000074C00000100
0000030000000000E72F0000574C00000100000003000000000001300000794C
00000100000003000000000019300000BE4C0000010000000300000000003530
0000C94C0000010000000300000000004E300000F24C00000100000003000000
0000663000003800000003000000030000000000703000004000000003000000
0300000000007C300000A0E800000200000003000000000088300000A0F80000
0200000003000000000094300000A8F80000020000000300000000009F300000
B0F8000002000000030000000000AA300000B008010002000000030000000000
B7300000204D000001000000030000000000CE300000334D0000010000000300
00000000E4300000414D000001000000030000000000F8300000544D00000100
00000300000000000D3100005F4D00000100000003000000000020310000704D
000001000000030000000000343100008E4D0000010000000300000000004631
0000934D00000100000003000000000058310000B54D00000100000003000000
000069310000BC4D0000010000000300000000007B310000D84D000001000000
03000000000090310000FC4D000001000000030000000000A5310000004E0000
01000000030000000000B7310000264E000001000000030000000000CA310000
3D4E000001000000030000000000DE310000554E000001000000030000000000
F1310000794E00000100000003000000000003320000834E0000010000000300
0000000016320000D44E00000100000003000000000028320000F64E00000100
00000300000000003A320000154F0000010000000300000000004E320000184F
000001000000030000000000643200003D4F0000010000000300000000007D32
0000434F00000100000003000000000090320000514F00000100000003000000
0000A53200006A4F000001000000030000000000B8320000974F000001000000
030000000000CD320000D94F000001000000030000000000E1320000F04F0000
01000000030000000000F532000012500000010000000300000000000B330000
1750000001000000030000000000223300001C50000001000000030000000000
3A3300002F500000010000000300000000004C33000036500000010000000300
000000005E330000495000000100000003000000000070330000525000000100
0000030000000000833300006750000001000000030000000000953300008150
000001000000030000000000A7330000A250000001000000030000000000BC33
0000B950000001000000030000000000CF330000CC5000000100000003000000
0000E23300001451000001000000030000000000F93300001B51000001000000
0300000000000E34000028510000010000000300000000002534000068510000
010000000300000000003D340000805100000100000003000000000052340000
92510000010000000300000000006A340000A451000001000000030000000000
81340000B65100000100000003000000000099340000C8510000010000000300
00000000B1340000EB51000001000000030000000000C8340000125200000100
0000030000000000DF3400004E52000001000000030000000000F63400007B52
0000010000000300000000000C3500009F520000010000000300000000002135
0000AC5200000100000003000000000036350000C75200000100000003000000
00004B350000D45200000100000003000000000060350000F752000001000000
030000000000763500000B530000010000000300000000008E35000018530000
01000000030000000000A33500002853000001000000030000000000BA350000
B753000001000000030000000000D2350000CD53000001000000030000000000
EE350000CE5300000100000003000000000007360000D3530000010000000300
0000000022360000F3530000010000000300000000003F360000F45300000100
00000300000000005536000001540000010000000300000000006C3600000E54
000001000000030000000000823600001B540000010000000300000000009836
00002E54000001000000030000000000AE360000455400000100000003000000
0000C43600007154000001000000030000000000DA3600009854000001000000
030000000000F3360000D2540000010000000300000000000B370000FB540000
0100000003000000000025370000175500000100000003000000000040370000
63550000010000000300000000005B3700008355000001000000030000000000
713700009F5500000100000003000000000089370000B4550000010000000300
00000000A2370000C155000001000000030000000000BC370000195600000100
0000030000000000D63700002956000001000000030000000000F13700006356
0000010000000300000000000B38000067560000010000000300000000002738
000073560000010000000300000000003D380000915600000100000003000000
0000563800009E5600000100000003000000000070380000D256000001000000
03000000000089380000EB56000001000000030000000000A3380000F0560000
01000000030000000000BE3800004C57000001000000030000000000D6380000
5057000001000000030000000000F03800005757000001000000030000000000
0A390000675700000100000003000000000020390000B0570000010000000300
0000000036390000CC570000010000000300000000004E390000F85700000100
00000300000000006539000014580000010000000300000000007E3900004F58
000001000000030000000000973900006658000001000000030000000000B139
00006B58000001000000030000000000CA390000835800000100000003000000
0000E43900009D58000001000000030000000000FE390000A958000001000000
030000000000193A0000C258000001000000030000000000313A0000DA580000
010000000300000000004C3A00000259000001000000030000000000663A0000
1359000001000000030000000000823A00001559000001000000030000000000
9C3A00003D59000001000000030000000000B53A000083590000010000000300
00000000CF3A00008959000001000000030000000000E73A0000B75900000100
0000030000000000023B0000D3590000010000000300000000001C3B0000F959
000001000000030000000000363B0000225A000001000000030000000000503B
00003E5A0000010000000300000000006B3B0000825A00000100000003000000
0000863B00009E5A0000010000000300000000009E3B0000A35A000001000000
030000000000B53B00004800000003000000030000000000C13B00004F000000
03000000030000000000CD3B00005300000003000000030000000000D93B0000
5800000003000000030000000000E63B00005E00000003000000030000000000
F13B00006700000003000000030000000000FC3B000073000000030000000300
00000000073C00008100000003000000030000000000133C00008D0000000300
0000030000000000203C0000235B0000010000000300000000003E3C0000AE5B
0000010000000300000000005A3C0000F45B000001000000030000000000753C
0000A700000003000000030072745F666D745F67AC0000000300000003000000
0000803C0000AF000000030000000300000000008D3C0000755C000001000000
030000000000A03C00009F5C000001000000030000000000B43C0000AB5C0000
01000000030000000000C83C0000C15C000001000000030000000000DE3C0000
C85C000001000000030000000000F53C0000E85C000001000000030000000000
083D00001C5D0000010000000300000000001D3D0000555D0000010000000300
00000000333D0000725D000001000000030000000000473D0000865D00000100
00000300000000005D3D0000B55D000001000000030000000000753D0000CB5D
0000010000000300000000008B3D0000D25D000001000000030000000000A13D
0000015E000001000000030000000000B43D0000285E00000100000003000000
0000C73D00003A5E000001000000030000000000DC3D00003C5E000001000000
030000000000F13D00006B5E000001000000030000000000063E0000985E0000
010000000300000000001D3E0000AA5E000001000000030000000000363E0000
B65E0000010000000300000000004A3E0000F05E000001000000030000000000
603E00000B5F000001000000030000000000793E0000335F0000010000000300
00000000913E00004E5F000001000000030000000000A83E0000825F00000100
0000030000000000C23E00008B5F000001000000030000000000D53E0000905F
000001000000030000000000E93E0000AA5F000001000000030000000000013F
0000AB5F000001000000030000000000153F0000BD5F00000100000003000000
00002B3F0000E85F000001000000030000000000433F00007260000001000000
0300000000005B3F00007260000001000000030000000000723F000080600000
010000000300000000008A3F00008760000001000000030000000000A23F0000
B060000001000000030000000000BA3F0000C960000001000000030000000000
D13F0000D760000001000000030000000000E83F0000F1600000010000000300
00000000014000000E6100000100000003000000000019400000116100000100
0000030000000000314000003061000001000000030000000000484000004E61
0000010000000300000000006440000067610000010000000300000000007D40
00008E61000001000000030000000000944000009E6100000100000003000000
0000AB4000000E62000001000000030000000000C24000007962000001000000
030000000000D6400000CC0801000200000003007261775F70747200A5620000
01000000030000000000E2400000C462000001000000030000000000F1400000
D36200000100000003000000000001410000D662000001000000030000000000
114100003E630000010000000300000000002041000081630000010000000300
000000003B410000996300000100000003000000000048410000CD6300000100
00000300000000005B410000D0630000010000000300000000006E410000E763
00000100000003000000000083410000F1630000010000000300000000009D41
00001C64000001000000030000000000B1410000696400000100000003000000
0000BB4100000C65000001000000030000000000CD4100003465000001000000
030000000000D7410000B165000001000000030000000000F5410000EB650000
0100000003000000000008420000FA650000010000000300000000001A420000
FE650000010000000300000000002D4200000366000001000000030000000000
4142000006660000010000000300000000005442000043660000010000000300
00000000684200004A660000010000000300000000007A4200004E6600000100
00000300000000008E4200006666000001000000030000000000A34200006D66
000001000000030000000000B74200008566000001000000030000000000CB42
00008E66000001000000030000000000DF420000BC6600000100000003000000
0000F3420000CA6600000100000003000000000006430000D366000001000000
0300000000001C430000F16600000100000003000000000031430000F6660000
01000000030000000000464300000D670000010000000300000000005B430000
17670000010000000300000000006C4300002967000001000000030000000000
7D43000031670000010000000300000000008F43000034670000010000000300
00000000A14300005667000001000000030000000000B4430000666700000100
0000030000000000C84300007367000001000000030000000000DC430000D167
000001000000030000000000EF430000DE670000010000000300000000000044
0000E26700000100000003000000000013440000FA6700000100000003000000
00002744000001680000010000000300000000003A4400001968000001000000
0300000000004D44000022680000010000000300000000005F4400004E680000
01000000030000000000714400005D6800000100000003000000000084440000
9C6800000100000003000000000096440000AA68000001000000030000000000
A9440000CF68000001000000030000000000BD440000D8680000010000000300
00000000D14400000269000001000000030000000000E3440000126900000100
0000030000000000F744000036690000010000000300000000000E4500004869
0000010000000300000000002545000055690000010000000300000000003745
0000596900000100000003000000000049450000766900000100000003000000
00005C450000B200000003000000030000000000674500000201000003000000
03000000000074450000D8690000010000000300000000008E450000ED690000
01000000030000000000A8450000076A000001000000030000000000BF450000
0E6A000001000000030000000000D7450000586A000001000000030000000000
EA450000906A000001000000030000000000FE450000A16A0000010000000300
0000000012460000E86A0000010000000300000000002B460000096B00000100
0000030000000000454600000C6B00000100000003000000000063460000BA6B
0000010000000300000000007D460000BC6B0000010000000300000000009746
0000D76B000001000000030000000000B1460000266C00000100000003000000
0000CB460000286C000001000000030000000000E5460000546C000001000000
030000000000FF460000566C00000100000003000000000019470000AC6C0000
0100000003000000000032470000AE6C0000010000000300000000004D470000
016D00000100000003000000000064470000106D000001000000030000000000
7B470000436D00000100000003000000000093470000976D0000010000000300
00000000AA470000A66D000001000000030000000000C1470000CE6D00000100
0000030000000000D5470000256E000001000000030000000000EA4700005C6E
000001000000030000000000044800001A6F0000010000000300000000001E48
0000206F00000100000003000000000038480000386F00000100000003000000
000052480000A06F0000010000000300000000006C480000AF6F000001000000
030000000000864800004370000001000000030000000000A148000052700000
01000000030000000000BC4800009A70000001000000030000000000D1480000
A970000001000000030000000000E64800002B71000001000000030000000000
00490000467100000100000003000000000014490000AA710000010000000300
000000002A490000B9710000010000000300000000003F490000467200000100
00000300000000005649000055720000010000000300000000006D4900000401
0000030000000300000000007A49000005010000030000000300000000008549
00002573000001000000030000000000964900002D7300000100000003000000
0000A74900006B73000001000000030000000000B74900008E73000001000000
030000000000C8490000B573000001000000030000000000DC490000CE730000
01000000030000000000EC4900009174000001000000030000000000004A0000
9974000001000000030000000000144A0000D774000001000000030000000000
274A0000FA740000010000000300000000003B4A000021750000010000000300
00000000524A00003A75000001000000030000000000654A00004E7500000100
0000030000000000724A00009075000001000000030000000000884A0000D575
0000010000000300000000009F4A0000EF75000001000000030000000000B44A
00001976000001000000030000000000CB4A00002A7600000100000003000000
0000E24A00009B76000001000000030000000000FA4A00000777000001000000
0300000000000C4B00004C770000010000000300000000001E4B00008C770000
01000000030000000000304B00009B77000001000000030000000000424B0000
D977000001000000030000000000544B0000EE77000001000000030000000000
694B0000FF770000010000000300000000007F4B000017780000010000000300
00000000964B00007978000001000000030000000000AD4B00009D7800000100
0000030000000000C14B0000BD78000001000000030000000000D74B0000F778
000001000000030000000000EB4B00002F79000001000000030000000000014C
00003F79000001000000030000000000174C00004B7900000100000003000000
00002C4C00006879000001000000030000000000434C00008879000001000000
030000000000594C000096790000010000000300000000006E4C0000057A0000
010000000300000000007C4C00003A7A0000010000000300000000008B4C0000
4B7A0000010000000300000000009B4C00005A7A000001000000030000000000
AA4C0000927A000001000000030000000000B84C00009B7A0000010000000300
00000000C54C0000C57A000001000000030000000000D24C0000F57A00000100
0000030000000000E04C0000767B000001000000030000000000F34C0000AC7B
000001000000030000000000094D0000F27B0000010000000300000000001C4D
0000F47B000001000000030000000000314D0000F67B00000100000003000000
0000464D0000077C0000010000000300000000005C4D0000167C000001000000
030000000000724D0000427C000001000000030000000000844D0000537C0000
01000000030000000000994D00006A7C000001000000030000000000AC4D0000
8B7C000001000000030000000000C04D0000B57C000001000000030000000000
D24D0000247D000001000000030000000000E84D00001C7E0000010000000300
00000000FE4D00002B7E000001000000030000000000144E0000567E00000100
0000030000000000284E0000817E0000010000000300000000003B4E00009A7E
0000010000000300000000004E4E00000701000003000000030000000000594E
00000C01000003000000030000000000634E0000247F00000100000003000000
0000774E00003C7F0000010000000300000000008C4E0000467F000001000000
030000000000A34E00005C7F000001000000030000000000B94E0000837F0000
01000000030000000000CE4E0000937F000001000000030000000000E64E0000
D47F000001000000030000000000FB4E0000F57F000001000000030000000000
104F00000F80000001000000030000000000244F00002D800000010000000300
00000000394F00004C800000010000000300000000004F4F00006B8000000100
0000030000000000654F000001810000010000000300000000007B4F00005181
000001000000030000000000914F00007681000001000000030000000000A74F
0000E381000001000000030000000000BD4F0000308200000100000003000000
0000D34F00003D82000001000000030000000000E94F00004682000001000000
030000000000FF4F0000B9820000010000000300000000001550000006830000
010000000300000000002B500000138300000100000003000000000041500000
1C83000001000000030000000000575000004A83000001000000030000000000
6950000063830000010000000300000000007B5000006D830000010000000300
000000008D5000007483000001000000030000000000A0500000908300000100
0000030000000000B35000009A83000001000000030000000000C6500000A483
000001000000030000000000D9500000AB83000001000000030000000000ED50
0000C78300000100000003000000000000510000D18300000100000003000000
000013510000DB8300000100000003000000000026510000E283000001000000
0300000000003A5100000D840000010000000300000000004D51000014840000
0100000003000000000061510000338400000100000003000000000075510000
4F8400000100000003000000000089510000B984000001000000030000000000
9F510000D784000001000000030000000000B651000024850000010000000300
00000000CC5100004285000001000000030000000000E3510000778500000100
0000030000000000FF51000083850000010000000300000000001D520000D585
0000010000000300000000003352000009860000010000000300000000004B52
0000A08600000100000003000000000060520000E68600000100000003000000
000073520000F686000001000000030000000000865200000787000001000000
030000000000995200001F87000001000000030000000000AC52000026870000
01000000030000000000BF5200007887000001000000030000000000D3520000
8987000001000000030000000000E65200009587000001000000030000000000
F9520000A6870000010000000300000000000C530000F6870000010000000300
00000000285300003488000001000000030000000000435300006A8800000100
00000300000000005E530000EF88000001000000030000000000715300001C89
0000010000000300000000008653000051890000010000000300000000009E53
00005889000001000000030000000000B9530000888900000100000003000000
0000D5530000CA89000001000000030000000000F0530000258A000001000000
0300000000000D540000628A00000100000003000000000025540000B18A0000
010000000300000000003C540000418B00000100000003000000000059540000
4A8B00000100000003000000000070540000FD8B000001000000030000000000
8A540000148C000001000000030000000000A4540000378C0000010000000300
00000000C15400005D8C000001000000030000000000DF540000888C00000100
000003000000000002550000A08C00000100000003000000000020550000CA8C
0000010000000300000000003C550000DA8C0000010000000300000000005955
0000FE8C0000010000000300000000007D550000078D00000100000003000000
00009B5500006F8D000001000000030000000000B15500009D8D000001000000
030000000000C7550000128E000001000000030000000000E55500003D8E0000
01000000030000000000005600004A8E0000010000000300000000001B560000
578E00000100000003000000000037560000668E000001000000030000000000
535600006B8E0000010000000300000000006F560000728E0000010000000300
000000008C560000828E000001000000030000000000AA560000908E00000100
0000030000000000CD560000A38E000001000000030000000000ED560000BD8E
0000010000000300000000000A5700002F8F0000010000000300000000002257
0000678F00000100000003000000000039570000BA8F00000100000003000000
00004C570000BD8F0000010000000300000000005F570000C78F000001000000
03000000000073570000E18F0000010000000300000000008657000075900000
010000000300000000009B5700007E90000001000000030000000000B0570000
6001000003000000030000000000BB570000E408010002000000030000000000
C6570000EC08010002000000030000000000D2570000EC0E0100020000000300
00000000DE570000EC10010002000000030000000000E85700009F9000000100
0000030000000000F85700002291000001000000030000000000105800003891
000001000000030000000000275800003F910000010000000300000000003458
0000679100000100000003000000000049580000AF9100000100000003000000
00005E580000BC91000001000000030000000000735800000A92000001000000
03000000000085580000C7920000010000000300000000009E580000DE920000
01000000030000000000B95800000093000001000000030000000000D3580000
0793000001000000030000000000ED5800004E93000001000000030000000000
055900005A930000010000000300000000001D590000A2930000010000000300
0000000033590000129400000100000003000000000048590000339400000100
00000300000000005D5900003A94000001000000030000000000705900003C94
0000010000000300000000008659000052940000010000000300000000009B59
0000A794000001000000030000000000B0590000B39400000100000003000000
0000BE590000E594000001000000030000000000D65900001895000001000000
030000000000EC5900003595000001000000030000000000025A000052950000
01000000030000000000195A00006C95000001000000030000000000335A0000
8995000001000000030000000000495A00008C95000001000000030000000000
615A0000B995000001000000030000000000785A0000C7950000010000000300
000000008F5A0000CF95000001000000030000000000A75A0000F79500000100
0000030000000000BC5A00000796000001000000030000000000D55A00001D96
000001000000030000000000EC5A0000EF96000001000000030000000000025B
000000970000010000000300000000001A5B00002B9700000100000003000000
0000315B00003D97000001000000030000000000485B00000698000001000000
0300000000005E5B00004598000001000000030000000000735B00008C980000
01000000030000000000895B00008601000003000000030000000000975B0000
D099000001000000030000000000AC5B0000D799000001000000030000000000
BF5B0000119A000001000000030000000000D35B0000219A0000010000000300
00000000E65B00003F9A000001000000030072745F75610000008E0100000300
0000030000000000FA5B00009B01000003000000030000000000065C0000A301
000003000000030000000000135C0000AC010000030000000300000000001D5C
0000B001000003000000030072745F6261696475F60100000300000003000000
00002D5C0000F410010002000000030072745F68746F6E736C9A000001000000
030077735F696E697400809A0000010000000300000000003A5C0000BC9A0000
010000000300000000004A5C0000C19A000001000000030000000000585C0000
0D9B000001000000030000000000705C00002F9B000001000000030000000000
875C0000329B0000010000000300000000009F5C00006F9B0000010000000300
00000000B75C00009B9B000001000000030000000000CF5C0000C39B00000100
0000030000000000E75C0000CE9B000001000000030000000000FE5C0000F49B
000001000000030000000000165D0000299C0000010000000300000000002E5D
0000419C000001000000030000000000445D0000BA9C00000100000003000000
00005D5D00006D9D000001000000030000000000705D0000979D000001000000
030000000000845D0000DE9D000001000000030000000000995D00001F9E0000
01000000030000000000AE5D0000419E000001000000030000000000C35D0000
8C9F000001000000030000000000D85D000005A0000001000000030000000000
EC5D0000CAA0000001000000030000000000015E0000F3A00000010000000300
00000000165E00003AA10000010000000300000000002C5E0000AFA100000100
0000030000000000435E0000EBA10000010000000300000000005C5E00001EA2
000001000000030000000000725E00002CA2000001000000030000000000885E
00003AA20000010000000300000000009E5E00006BA300000100000003000000
0000B45E000077A3000001000000030000000000C45E000092A4000001000000
030000000000DD5E000042A5000001000000030000000000F45E00005DA50000
010000000300000000000F5F00006EA5000001000000030000000000285F0000
9FA50000010000000300000000003D5F0000AAA5000001000000030000000000
525F0000DAA5000001000000030000000000675F0000E9A50000010000000300
000000007B5F00000402000003000000030000000000855F0000090200000300
00000300000000008F5F000012020000030000000300000000009D5F00003DA6
000001000000030000000000B85F000055A6000001000000030000000000D05F
000097A6000001000000030000000000ED5F0000B6A600000100000003000000
000008600000C5A600000100000003000000000023600000E1A6000001000000
0300000000003E600000EEA60000010000000300000000005B6000002CA70000
0100000003000000000075600000BBA700000100000003000000000086600000
F8A7000001000000030000000000976000002202000003000000030000000000
A46000002702000003000000030000000000B26000002D020000030000000300
00000000BF60000082A8000001000000030000000000D560000091A800000100
0000030000000000EB60000096A800000100000003000000000002610000BEA8
00000100000003000000000018610000C7A80000010000000300000000002F61
0000C8A800000100000003000000000045610000F0A800000100000003000000
00005C61000040A90000010000000300000000007261000050A9000001000000
0300000000008861000060A90000010000000300000000009E61000070A90000
01000000030000000000B461000080A9000001000000030000000000CE610000
90A9000001000000030000000000E8610000A0A9000001000000030000000000
FF610000B0A900000100000003000000000015620000CDA90000010000000300
000000002B62000002AA000001000000030000000000456200001CAA00000100
00000300000000005E62000034AA0000010000000300000000007862000041AA
0000010000000300000000009362000064AA000001000000030000000000AC62
0000A6AA000001000000030000000000C5620000FCAA00000100000003000000
0000E3620000FFAA000001000000030000000000FD62000014AB000001000000
0300000000001463000021AB0000010000000300000000002C63000042AB0000
010000000300000000004263000056AB0000010000000300000000005E630000
7CAB0000010000000300000000007463000096AB000001000000030000000000
8B630000BCAB000001000000030000000000A3630000DAAB0000010000000300
00000000BA630000E1AB000001000000030000000000D2630000F6AB00000100
0000030000000000E963000024AC000001000000030000000000FF63000045AC
000001000000030000000000156400004AAC0000010000000300000000002B64
0000A3AC000001000000030000000000426400000BAD00000100000003000000
00005C6400007EAD0000010000000300000000007164000088AD000001000000
0300000000008764000091AD0000010000000300000000009D640000EAAD0000
01000000030000000000B464000061AE000001000000030000000000C9640000
6BAE000001000000030000000000DF64000074AE000001000000030000000000
F5640000B1AE0000010000000300000000000E650000D1AE0000010000000300
0000000026650000EDAE0000010000000300000000003E65000009AF00000100
00000300000000005765000061AF00000100000003000000000071650000B7AF
0000010000000300000000008A65000009B0000001000000030000000000A065
00001AB0000001000000030000000000B6650000320200000300000003000000
0000C46500003502000003000000030000000000D36500003802000003000000
030000000000E16500003B02000003000000030000000000EF6500003E020000
03000000030000000000FD65000041020000030000000300000000000C660000
46020000030000000300000000001B6600004B02000003000000030000000000
2B66000051020000030000000300000000003966000052020000030000000300
00000000456600007EB00000010000000300000000005F660000A1B000000100
00000300000000007A660000C1B000000100000003000000000093660000D0B0
000001000000030000000000AB660000DFB0000001000000030000000000C366
0000EEB0000001000000030000000000DB660000FDB000000100000003000000
0000F666000021B10000010000000300000000001267000037B1000001000000
0300000000002D6700003BB10000010000000300000000004A6700005EB10000
010000000300000000006467000068B10000010000000300000000007F670000
80B100000100000003000000000099670000A5B1000001000000030000000000
B3670000BCB1000001000000030000000000CE670000DCB10000010000000300
00000000EB670000ECB10000010000000300000000000568000016B200000100
00000300000000002168000040B20000010000000300000000003B68000059B2
000001000000030000000000566800006FB20000010000000300000000007168
00008EB20000010000000300000000008B680000CBB200000100000003000000
0000A6680000D0B2000001000000030000000000C1680000FBB2000001000000
030000000000DD6800006EB3000001000000030000000000FA680000CCB30000
0100000003000000000016690000D5B300000100000003000000000032690000
EDB30000010000000300000000004E69000008B4000001000000030000000000
6A69000030B40000010000000300000000008769000056B40000010000000300
00000000A36900006BB4000001000000030000000000C169000076B400000100
0000030000000000DC6900007AB4000001000000030000000000F96900009DB4
000001000000030000000000136A000045B50000010000000300000000002D6A
00004DB5000001000000030000000000466A00007AB500000100000003000000
00005F6A00008EB5000001000000030000000000796A00009FB5000001000000
030000000000926A0000AEB5000001000000030000000000AA6A0000B3B50000
01000000030000000000C16A0000DDB5000001000000030000000000D86A0000
FDB5000001000000030000000000EF6A00000CB6000001000000030000000000
086B00001BB60000010000000300000000001F6B000041B60000010000000300
00000000396B000062B6000001000000030000000000516B00006EB600000100
0000030000000000696B00007FB6000001000000030000000000826B000088B6
0000010000000300000000009B6B00008EB6000001000000030000000000B46B
000098B6000001000000030000000000CD6B00009FB600000100000003000000
0000E56B0000C6B6000001000000030000000000FE6B0000CAB6000001000000
030000000000176C0000E1B60000010000000300000000002F6C0000E9B60000
01000000030000000000476C00002EB70000010000000300000000005F6C0000
86B7000001000000030000000000786C0000BCB7000001000000030000000000
8F6C0000BFB7000001000000030000000000A66C0000FBB70000010000000300
00000000BD6C00002AB8000001000000030000000000D56C00004CB800000100
0000030000000000EF6C000060B8000001000000030000000000096D000083B8
000001000000030000000000236D0000BCB80000010000000300000000003D6D
0000E1B8000001000000030000000000576D000001B900000100000003000000
0000716D00003AB9000001000000030000000000896D00003FB9000001000000
030000000000A16D000064B9000001000000030000000000BA6D00006BB90000
01000000030000000000D16D000097B9000001000000030000000000E86D0000
B1B9000001000000030000000000006E0000DDB9000001000000030000000000
166E0000F2B90000010000000300000000002D6E0000FAB90000010000000300
00000000446E000002BA0000010000000300000000005B6E000006BA00000100
0000030000000000736E00000EBA000001000000030000000000896E00002BBA
000001000000030000000000A16E000033BA000001000000030000000000B96E
000045BA000001000000030000000000D26E000063BA00000100000003000000
0000EA6E000068BA000001000000030000000000026F0000D2BA000001000000
030000000000196F0000D5BA000001000000030000000000316F0000E2BA0000
010000000300000000004A6F000000BB000001000000030000000000636F0000
24BB0000010000000300000000007B6F000029BB000001000000030000000000
946F00007CBB000001000000030000000000AD6F00007FBB0000010000000300
00000000C76F0000C6BB000001000000030000000000E16F0000E0BB00000100
000003000000000000700000E7BB0000010000000300000000001B700000F8BB
0000010000000300000000003470000006BC0000010000000300000000004D70
00009B0400000300000003000000000059700000AB0400000300000003000000
000065700000BB0400000300000003000000000075700000CB04000003000000
03000000000086700000FC10010002000000030061746C5F6E756C6C08000000
01000000020000000000957000001800000001000000020061746C5F626F6F6C
3800000001000000020061746C5F696E74005600000001000000020000000000
A17000007D00000001000000020000000000AC700000FE000000010000000200
61746C5F6E6567002A01000001000000020061746C5F6E6F7400820100000100
0000020061746C5F616464002403000001000000020061746C5F73756200DD04
000001000000020061746C5F6D756C008705000001000000020061746C5F6469
76003206000001000000020061746C5F6D6F6400130700000100000002006174
6C5F62616E64AE07000001000000020061746C5F626F72002408000001000000
020061746C5F62786F729A08000001000000020061746C5F626E6F7410090000
01000000020061746C5F73686C004B09000001000000020061746C5F73687200
C409000001000000020061746C5F657100003D0A000001000000020061746C5F
6C740000770B000001000000020061746C5F6E650000830C0000010000000200
61746C5F67740000B70C000001000000020061746C5F6C650000F40C00000100
0000020061746C5F67650000310D000001000000020061746C5F73747200840E
000001000000020000000000B6700000C90E000001000000020000000000C370
0000D70E000001000000020000000000CF700000150F00000100000002000000
0000E07000008F0F000001000000020000000000EF7000004610000001000000
020000000000FC70000001110000010000000200000000000871000029120000
010000000200000000001B710000E1120000010000000200000000002D710000
AC130000010000000200000000003E710000AA14000001000000020000000000
507100004C160000010000000200000000005D71000011170000010000000200
000000006E7100002D1800000100000002000000000082710000BD1900000100
000002000000000093710000671A000001000000020000000000A1710000331B
000001000000020000000000AF710000FF1B000001000000020000000000BF71
0000311E000001000000020000000000CD710000951F00000100000002000000
0000DA710000C020000001000000020000000000E9710000D121000001000000
020000000000F87100004A22000001000000020000000000057200008A220000
0100000002000000000013720000842300000100000002000000000020720000
DD230000010000000200000000002D7200005F24000001000000020000000000
3A7200008D240000010000000200000000004772000080250000010000000200
0000000054720000BC2500000100000002000000000061720000392700000100
00000200000000006E720000BB290000010000000200000000007E720000292A
0000010000000200000000008E720000A12A0000010000000200000000009E72
00006A2B000001000000020000000000AD7200008E2B00000100000002000000
0000BE720000322C000001000000020000000000CC7200005A2D000001000000
020000000000DE720000552E000001000000020000000000EC720000502F0000
01000000020000000000F9720000623000000100000002000000000009730000
7431000001000000020000000000197300006F32000001000000020000000000
26730000063300000100000002000000000037730000E4330000010000000200
0000000044730000CF3400000100000002000000000051730000813600000100
000002000000000065730000C737000001000000020000000000737300006D38
00000100000002000000000083730000403A0000010000000200000000009473
0000263B000001000000020000000000A0730000693B00000100000002000000
0000AE730000A83B000001000000020000000000BC730000E33B000001000000
020000000000CD730000183C000001000000020000000000DE730000783C0000
01000000020000000000F1730000B23C00000100000002000000000005740000
FA3C0000010000000200000000001F7400000240000001000000020000000000
2F74000053430000010000000200000000003D740000A6440000010000000200
000000004B740000624500000100000002000000000060740000D54600000100
000002000000000070740000E7460000010000000200000000007D740000F046
0000010000000200000000009174000078E8000002000000020000000000A674
000080E8000002000000020000000000B774000088E800000200000002000000
0000C874000090E8000002000000020000000000DA74000098E8000002000000
020000000000EC7400001747000001000000020000000000F77400006D470000
01000000020061746C5F66726565FB4700000100000002000000000003750000
4B480000010000000200000000000E7500006548000001000000020000000000
19750000784800000100000002000000000024750000B1480000010000000200
0000000030750000E7480000010000000200000000003B7500002F4900000100
0000020000000000467500009449000001000000020061746C5F61746F66814A
000001000000020000000000507500000F4C0000010000000200000000005F75
0000134D0000010000000200000000006A750000344D00000100000002006174
6C5F69746F61714D000001000000020061746C5F66746F61614E000001000000
02000000000076750000ED5000000100000002000000000084750000D45A0000
0100000002000000000091750000EC5A000001000000020000000000A6750000
545B000001000000020000000000B9750000B65B000001000000020000000000
CB750000F95B0000010000000200675F617267630000B8080100020000000200
675F617267760000BC08010002000000020000000000D7750000C40801000200
0000020000000000E27500000560000001000000020000000000F17500001F62
000001000000020000000000FE7500004F620000010000000200000000000876
0000DB6200000100000002000000000014760000216400000100000002000000
00001E760000E364000001000000020000000000287600007065000001000000
020000000000357600007A650000010000000200000000004A760000E2650000
01000000020000000000557600000B6600000100000002000000000061760000
78670000010000000200000000006C760000D408010002000000020000000000
78760000DC080100020000000200000000008A76000097690000010000000200
000000009C760000C069000001000000020000000000AE7600003D6A00000100
0000020000000000BA7600005D6A000001000000020000000000C8760000656A
000001000000020000000000D4760000C26A000001000000020000000000E676
0000C16B000001000000020000000000F9760000DC6B00000100000002000000
00000B7700002D6C0000010000000200000000001D7700005B6C000001000000
0200000000002F770000B36C0000010000000200000000003D770000156D0000
010000000200000000004C770000576D0000010000000200000000005A770000
AB6D00000100000002000000000068770000F76D000001000000020000000000
75770000396E000001000000020000000000887700009B6E0000010000000200
00000000997700003D6F000001000000020000000000AA770000B46F00000100
0000020000000000BC7700005770000001000000020000000000C9770000AE70
000001000000020000000000D6770000BE71000001000000020000000000E577
00007672000001000000020000000000EF770000E27300000100000002006174
6C5F6E756D009B79000001000000020061746C5F636872005F7A000001000000
020000000000FC7700000B7B0000010000000200000000000A7800001B7C0000
0100000002000000000014780000BA7C00000100000002000000000023780000
927D00000100000002000000000031780000307E000001000000020000000000
3D780000BF7E0000010000000200000000004A780000D17E0000010000000200
0000000057780000E37E00000100000002000000000064780000F57E00000100
000002000000000071780000077F0000010000000200000000007E780000667F
0000010000000200000000008D780000AB7F0000010000000200000000009A78
0000BD80000001000000020000000000A7780000828100000100000002000000
0000B47800005882000001000000020000000000C17800002E83000001000000
020000000000CD7800005183000001000000020000000000D97800007E830000
01000000020000000000E5780000B583000001000000020000000000F2780000
EC83000001000000020000000000FE7800001E84000001000000020000000000
0A7900003A840000010000000200000000001679000056840000010000000200
00000000277900006A84000001000000020000000000387900007E8400000100
000002000000000047790000E984000001000000020000000000567900005485
0000010000000200000000006B790000B3850000010000000200000000007979
0000E785000001000000020000000000897900001B8600000100000002000000
0000977900003A86000001000000020000000000A67900005486000001000000
020000000000B17900006B86000001000000020000000000BF79000085860000
01000000020000000000CC790000CE86000001000000020000000000D7790000
FF86000001000000020000000000E27900003387000001000000020000000000
EE7900007D87000001000000020000000000F9790000AF870000010000000200
000000000C7A0000FD870000010000000200000000001F7A0000718800000100
0000020000000000347A0000A2880000010000000200000000003E7A0000F488
0000010000000200000000004B7A000021890000010000000200000000005D7A
0000CF89000001000000020000000000717A00002A8A00000100000002000000
0000817A00006E8A000001000000020000000000907A0000C38A000001000000
0200000000009E7A00005B8B000001000000020000000000B27A0000188D0000
01000000020000000000C07A0000AF8D000001000000020000000000D47A0000
CF8E000001000000020000000000E47A00003B8F000001000000020000000000
F47A0000818F000001000000020000000000FE7A00001C900000010000000200
000000000A7B0000C391000001000000020000000000157B0000DD9100000100
00000200000000001F7B00001C92000001000000020000000000317B00003692
000001000000020000000000417B000064930000010000000200000000004F7B
0000B4930000010000000200000000005D7B0000C69300000100000002000000
00006A7B000022960000010000000200000000007B7B00006B96000001000000
020000000000887B00000899000001000000020000000000937B0000469C0000
01000000020000000000A37B0000CB9C000001000000020000000000AF7B0000
529E000001000000020000000000BC7B00004BA2000001000000020000000000
C97B000075A5000001000000020000000000D77B000011A60000010000000200
00000000EA7B000067A6000001000000020000000000FF7B0000F3A600000100
0000020000000000117C000031A70000010000000200000000001E7C000011A8
000001000000020000000000297C00002DA8000001000000020000000000387C
00001FB00000010000000200000000004B7C00009DB400000100000002000000
00005B7C000000000000000000000200000000006A7C00000000000000000000
020000000000747C000000000000000000000200486561704672656500000000
00000000020000000000807C00000000000000000000020000000000937C0000
0000000000000000020000000000A07C00000000000000000000020000000000
AD7C00000000000000000000020000000000B77C000000000000000000000200
00000000C27C00000000000000000000020000000000CE7C0000000000000000
0000020000000000DE7C00000000000000000000020000000000F17C00000000
000000000000020000000000FE7C000000000000000000000200000000000A7D
000000000000000000000200000000001E7D0000000000000000000002005265
616446696C6500000000000000000200000000002A7D00000000000000000000
020000000000387D00000000000000000000020000000000477D000000000000
00000000020000000000567D00000000000000000000020000000000637D0000
00000000000000000200536C6565700000000000000000000000020000000000
727D00000000000000000000020000000000817D000000000000000000000200
000000009B7D00000000000000000000020000000000B07D0000000000000000
0000020000000000C57D00000000000000000000020000000000D27D00000000
000000000000020000000000E67D00000000000000000000020000000000F17D
00000000000000000000020000000000067E0000000000000000000002000000
0000157E00000000000000000000020000000000237E00000000000000000000
020000000000347E00000000000000000000020000000000457E000000000000
00000000020000000000597E000000000000000000000200000000006A7E0000
00000000000000000200000000007B7E00000000000000000000020000000000
8C7E00000000000000000000020000000000977E000000000000000000000200
00000000A57E000000000000000000000200736F636B65740000000000000000
00000200636F6E6E656374000000000000000000020000000000AF7E00000000
000000000000020000000000BB7E00000000000000000000020073656C656374
00000000000000000000020000000000C77E0000000000000000000002000000
0000D27E00000000000000000000020000000000E27E00000000000000000000
0200EF7E000061746C5F69735F6E756C6C2E69735F6E756C6C5F310061746C5F
69735F6E756C6C2E6E6F745F6E756C6C5F310061746C5F626F6F6C2E626F6F6C
5F66616C73650061746C5F626F6F6C2E626F6F6C5F646F6E650061746C5F7472
757468792E745F626F6F6C5F696E740061746C5F7472757468792E745F76616C
75650061746C5F7472757468792E745F737472696E670061746C5F7472757468
792E745F6C6973740061746C5F7472757468792E745F747275650061746C5F74
72757468792E745F66616C73650061746C5F6E65672E6E65675F615F6F6B0061
746C5F6E65672E6E65675F666C6F61740061746C5F6E6F742E6E6F745F66616C
73650072745F6D616B655F696E740072745F6D616B655F626F6F6C0072745F6D
616B655F666C6F61745F626974730072745F6D616B655F666C6F61745F786D6D
0072745F746F5F646F75626C650072745F746F5F646F75626C652E645F737472
696E670072745F746F5F646F75626C652E645F7A65726F0072745F746F5F646F
75626C652E645F696E746C696B650072745F746F5F646F75626C652E645F666C
6F61740072745F746F5F646F75626C652E645F646F6E650072745F746F5F696E
740072745F746F5F696E742E695F737472696E670072745F746F5F696E742E69
5F7261770072745F746F5F696E742E695F7A65726F0072745F746F5F696E742E
695F696E746C696B650072745F746F5F696E742E695F666C6F61740072745F74
6F5F696E742E695F646F6E650061746C5F6164642E6164645F615F6F6B006174
6C5F6164642E6164645F625F6F6B0061746C5F6164642E6164645F7374720061
746C5F6164642E6164645F6C656E5F6261640061746C5F6164642E6164645F6D
616C6C6F635F6661696C0061746C5F6164642E6164645F6E756D0061746C5F61
64642E615F696E746C696B650061746C5F6164642E626F74685F696E74006174
6C5F6164642E6164645F66700061746C5F7375622E7375625F615F6F6B006174
6C5F7375622E7375625F625F6F6B0061746C5F7375622E735F696E746C696B65
0061746C5F7375622E626F74685F696E745F730061746C5F7375622E735F6670
0061746C5F6D756C2E6D756C5F615F6F6B0061746C5F6D756C2E6D756C5F625F
6F6B0061746C5F6D756C2E6D5F696E746C696B650061746C5F6D756C2E626F74
685F696E745F6D0061746C5F6D756C2E6D5F66700061746C5F6469762E646976
5F615F6F6B0061746C5F6469762E6469765F625F6F6B0061746C5F6469762E76
5F696E746C696B650061746C5F6469762E626F74685F696E745F760061746C5F
6469762E765F6469760061746C5F6469762E765F66700061746C5F6D6F642E6D
6F645F615F6F6B0061746C5F6D6F642E6D6F645F625F6F6B0061746C5F6D6F64
2E6D6F645F6469760061746C5F62616E642E62616E645F615F6F6B0061746C5F
62616E642E62616E645F625F6F6B0061746C5F626F722E626F725F615F6F6B00
61746C5F626F722E626F725F625F6F6B0061746C5F62786F722E62786F725F61
5F6F6B0061746C5F62786F722E62786F725F625F6F6B0061746C5F626E6F742E
626E6F745F615F6F6B0061746C5F73686C2E73686C5F615F6F6B0061746C5F73
686C2E73686C5F625F6F6B0061746C5F7368722E7368725F615F6F6B0061746C
5F7368722E7368725F625F6F6B0061746C5F65712E65715F615F6F6B0061746C
5F65712E65715F625F6F6B0061746C5F65712E65715F625F6E6F746E756C6C00
61746C5F65712E65715F696E746C696B650061746C5F65712E65715F615F696E
740061746C5F65712E65715F626F74685F696E740061746C5F65712E65715F66
700061746C5F65712E65715F66705F64626C0061746C5F65712E65715F747275
650061746C5F65712E65715F66616C73650061746C5F6C742E6C745F615F6F6B
0061746C5F6C742E6C745F625F6F6B0061746C5F6C742E6C745F696E746C696B
650061746C5F6C742E6C745F66700061746C5F6C742E6C745F74727565006174
6C5F6C742E6C745F66616C73650061746C5F6E652E6E655F66616C7365006174
6C5F67742E67745F747275650061746C5F6C652E6C655F66616C73650061746C
5F67652E67655F66616C73650072745F73625F7074720072745F73625F6C656E
0072745F73625F6361700072745F73625F696E69740072745F62635F73747200
72745F62635F6C656E0072745F757466385F7374726C656E0072745F75746638
5F7374726C656E2E75736C5F6C6F6F700072745F757466385F7374726C656E2E
75736C5F310072745F757466385F7374726C656E2E75736C5F320072745F7574
66385F7374726C656E2E75736C5F330072745F757466385F7374726C656E2E75
736C5F6E6578740072745F757466385F7374726C656E2E75736C5F646F6E6500
72745F757466385F627974655F6F66660072745F757466385F627974655F6F66
662E75626F5F6C6F6F700072745F757466385F627974655F6F66662E75626F5F
310072745F757466385F627974655F6F66662E75626F5F320072745F75746638
5F627974655F6F66662E75626F5F330072745F757466385F627974655F6F6666
2E75626F5F6E6578740072745F757466385F627974655F6F66662E75626F5F64
6F6E650072745F7374725F6F626A0072745F7374725F6F626A2E736F5F6E756C
6C0072745F7374725F6F626A2E736F5F686176656275660061746C5F7374722E
735F6469726563740061746C5F7374722E735F6D6B0061746C5F7374725F6C65
6E2E736C5F6F6B0061746C5F7374725F6C656E2E736C5F7374720061746C5F73
74725F6C656E2E736C5F6C6973740061746C5F7374725F6C656E2E736C5F6D6B
0061746C5F7374725F636F6E7461696E732E73635F6F6B0061746C5F7374725F
636F6E7461696E732E73635F7374720061746C5F7374725F636F6E7461696E73
2E73635F637374720061746C5F7374725F636F6E7461696E732E73635F686176
65620061746C5F7374725F636F6E7461696E732E73635F66616C73650061746C
5F7374725F636F6E7461696E732E73635F626F6F6C0061746C5F7374725F7374
617274732E7373745F6F6B0061746C5F7374725F7374617274732E7373745F73
74720061746C5F7374725F7374617274732E7373745F637374720061746C5F73
74725F7374617274732E7373745F68617665620061746C5F7374725F73746172
74732E7373745F66616C73650061746C5F7374725F7374617274732E7373745F
626F6F6C0061746C5F7374725F656E64732E73655F6F6B0061746C5F7374725F
656E64732E73655F7374720061746C5F7374725F656E64732E73655F63737472
0061746C5F7374725F656E64732E73655F68617665620061746C5F7374725F65
6E64732E73655F66616C73650061746C5F7374725F656E64732E73655F626F6F
6C0061746C5F7374725F7375622E73735F6F6B0061746C5F7374725F7375622E
73735F656D7074790061746C5F7374725F7375622E73735F7374720061746C5F
7374725F7375622E73735F736F6B0061746C5F7374725F7375622E73735F656E
64746F740061746C5F7374725F7375622E73735F656F6B0061746C5F7374725F
66696E645F636F756E742E7366635F6F6B0061746C5F7374725F66696E645F63
6F756E742E7366635F7374720061746C5F7374725F66696E645F636F756E742E
7366635F637374720061746C5F7374725F66696E645F636F756E742E7366635F
68617665620061746C5F7374725F66696E645F636F756E742E7366635F736361
6E0061746C5F7374725F66696E645F636F756E742E7366635F6C6F6F70006174
6C5F7374725F66696E645F636F756E742E7366635F646F6E650061746C5F7374
725F66696E645F636F756E742E7366635F6D6B0061746C5F7374725F66696E64
5F6C696E652E73666C5F6F6B0061746C5F7374725F66696E645F6C696E652E73
666C5F7374720061746C5F7374725F66696E645F6C696E652E73666C5F686176
65610061746C5F7374725F66696E645F6C696E652E73666C5F63737472006174
6C5F7374725F66696E645F6C696E652E73666C5F68617665620061746C5F7374
725F66696E645F6C696E652E73666C5F6869740061746C5F7374725F66696E64
5F6C696E652E73666C5F7363616E0061746C5F7374725F66696E645F6C696E65
2E73666C5F6E6578740061746C5F7374725F66696E645F6C696E652E73666C5F
646F6E650061746C5F7374725F66696E645F6C696E652E73666C5F6D6B006174
6C5F7374725F66696E645F706F732E7366705F6F6B0061746C5F7374725F6669
6E645F706F732E7366705F7374720061746C5F7374725F66696E645F706F732E
7366705F68617665610061746C5F7374725F66696E645F706F732E7366705F63
7374720061746C5F7374725F66696E645F706F732E7366705F68617665620061
746C5F7374725F66696E645F706F732E7366705F6869740061746C5F7374725F
66696E645F706F732E7366705F7363616E0061746C5F7374725F66696E645F70
6F732E7366705F310061746C5F7374725F66696E645F706F732E7366705F3200
61746C5F7374725F66696E645F706F732E7366705F330061746C5F7374725F66
696E645F706F732E7366705F6E6578740061746C5F7374725F66696E645F706F
732E7366705F646F6E650061746C5F7374725F66696E645F706F732E7366705F
6D6B0061746C5F7374725F66696E645F66726F6D2E7366665F6F6B0061746C5F
7374725F66696E645F66726F6D2E7366665F7374720061746C5F7374725F6669
6E645F66726F6D2E7366665F637374720061746C5F7374725F66696E645F6672
6F6D2E7366665F68617665620061746C5F7374725F66696E645F66726F6D2E73
66665F676F0061746C5F7374725F66696E645F66726F6D2E7366665F66726F6D
0061746C5F7374725F66696E645F66726F6D2E7366665F6861766566726F6D00
61746C5F7374725F66696E645F66726F6D2E7366665F666F6B0061746C5F7374
725F66696E645F66726F6D2E7366665F6164760061746C5F7374725F66696E64
5F66726F6D2E7366665F61310061746C5F7374725F66696E645F66726F6D2E73
66665F61320061746C5F7374725F66696E645F66726F6D2E7366665F61330061
746C5F7374725F66696E645F66726F6D2E7366665F616E6578740061746C5F73
74725F66696E645F66726F6D2E7366665F616476646F6E650061746C5F737472
5F66696E645F66726F6D2E7366665F6869740061746C5F7374725F66696E645F
66726F6D2E7366665F636E740061746C5F7374725F66696E645F66726F6D2E73
66665F63310061746C5F7374725F66696E645F66726F6D2E7366665F63320061
746C5F7374725F66696E645F66726F6D2E7366665F63330061746C5F7374725F
66696E645F66726F6D2E7366665F636E6578740061746C5F7374725F66696E64
5F66726F6D2E7366665F636E74646F6E650061746C5F7374725F66696E645F66
726F6D2E7366665F6D6B0061746C5F7374725F627974652E7362795F6F6B0061
746C5F7374725F627974652E7362795F7374720061746C5F7374725F62797465
2E7362795F686176650061746C5F7374725F627974652E7362795F6964780061
746C5F7374725F627974652E7362795F6C656E0061746C5F7374725F62797465
2E7362795F686176655F6C656E0061746C5F7374725F627974652E7362795F6F
6F620061746C5F7374725F627974652E7362795F6D6B0061746C5F7374725F62
7974655F7375622E7362735F6F6B0061746C5F7374725F627974655F7375622E
7362735F7374720061746C5F7374725F627974655F7375622E7362735F686176
650061746C5F7374725F627974655F7375622E7362735F736F6B0061746C5F73
74725F627974655F7375622E7362735F656E64746F740061746C5F7374725F62
7974655F7375622E7362735F656F6B0061746C5F7374725F627974655F737562
2E7362735F656D7074790061746C5F7374725F73706C69745F6C696E65732E73
736C5F6F6B0061746C5F7374725F73706C69745F6C696E65732E73736C5F7374
720061746C5F7374725F73706C69745F6C696E65732E73736C5F686176650061
746C5F7374725F73706C69745F6C696E65732E73736C5F6C6F6F700061746C5F
7374725F73706C69745F6C696E65732E73736C5F6E6578740061746C5F737472
5F73706C69745F6C696E65732E73736C5F7461696C0061746C5F7374725F7370
6C69745F6C696E65732E73736C5F646F6E650061746C5F7374725F66726F6D5F
6D656D2E73666D5F676F0061746C5F7374725F66726F6D5F6D656D2E73666D5F
6275660061746C5F7374725F66726F6D5F6D656D2E73666D5F656D7074790061
746C5F7374725F75707065722E7375705F6F6B0061746C5F7374725F75707065
722E7375705F7374720061746C5F7374725F75707065722E7375705F6C6F6F70
0061746C5F7374725F75707065722E7375705F6B6565700061746C5F7374725F
75707065722E7375705F66696E0061746C5F7374725F75707065722E7375705F
656D7074790061746C5F7374725F6C6F7765722E736C6F5F6F6B0061746C5F73
74725F6C6F7765722E736C6F5F7374720061746C5F7374725F6C6F7765722E73
6C6F5F6C6F6F700061746C5F7374725F6C6F7765722E736C6F5F6B6565700061
746C5F7374725F6C6F7765722E736C6F5F66696E0061746C5F7374725F6C6F77
65722E736C6F5F656D7074790061746C5F7374725F7265706C6163652E73725F
6F6B0061746C5F7374725F7265706C6163652E73725F7374720061746C5F7374
725F7265706C6163652E73725F636F6C640061746C5F7374725F7265706C6163
652E73725F686176656F6C640061746C5F7374725F7265706C6163652E73725F
636E770061746C5F7374725F7265706C6163652E73725F686176656E77006174
6C5F7374725F7265706C6163652E73725F636F756E740061746C5F7374725F72
65706C6163652E73725F636C6F6F700061746C5F7374725F7265706C6163652E
73725F63646F6E650061746C5F7374725F7265706C6163652E73725F6275696C
640061746C5F7374725F7265706C6163652E73725F62646F6E650061746C5F73
74725F7265706C6163652E73725F7461696C0061746C5F7374725F7265706C61
63652E73725F7461696C646F6E650061746C5F7374725F7265706C6163652E73
725F656D7074790061746C5F7374725F73706C69742E7373705F6F6B0061746C
5F7374725F73706C69742E7373705F7374720061746C5F7374725F73706C6974
2E7373705F637365700061746C5F7374725F73706C69742E7373705F68617665
7365700061746C5F7374725F73706C69742E7373705F68617665310061746C5F
7374725F73706C69742E7373705F6C6F6F700061746C5F7374725F73706C6974
2E7373705F7461696C0061746C5F7374725F73706C69742E7373705F6E65776C
6973740061746C5F7374725F7472696D2E7374725F6F6B0061746C5F7374725F
7472696D2E7374725F7374720061746C5F7374725F7472696D2E7374725F6C73
0061746C5F7374725F7472696D2E7374725F6C736B69700061746C5F7374725F
7472696D2E7374725F6C650061746C5F7374725F7472696D2E7374725F727300
61746C5F7374725F7472696D2E7374725F72736B69700061746C5F7374725F74
72696D2E7374725F72650061746C5F7374725F7472696D2E7374725F656D7074
790061746C5F7374725F7265706561742E7372705F6F6B0061746C5F7374725F
7265706561742E7372705F7374720061746C5F7374725F7265706561742E7372
705F636E740061746C5F7374725F7265706561742E7372705F68617665636E74
0061746C5F7374725F7265706561742E7372705F676F0061746C5F7374725F72
65706561742E7372705F6C6F6F700061746C5F7374725F7265706561742E7372
705F66696E0061746C5F7374725F7265706561742E7372705F656D7074790061
746C5F7374725F657175616C732E7365715F6F6B0061746C5F7374725F657175
616C732E7365715F7374720061746C5F7374725F657175616C732E7365715F63
7374720061746C5F7374725F657175616C732E7365715F68617665620061746C
5F7374725F657175616C732E7365715F66616C73650061746C5F7374725F6571
75616C732E7365715F626F6F6C0061746C5F73625F636C6561722E7362635F6F
6B0061746C5F73625F636C6561722E7362635F646F6E650061746C5F73625F61
7070656E642E7362615F696F6B0061746C5F73625F617070656E642E7362615F
6C6F6F700061746C5F73625F617070656E642E7362615F67726F770061746C5F
73625F617070656E642E7362615F7365746361700061746C5F73625F61707065
6E642E7362615F6361706F6B0061746C5F73625F6275696C642E7362625F656D
7074790061746C5F6C6973745F6C656E2E6C6C5F6F6B0061746C5F6C6973745F
6C656E2E6C6C5F6C6973740061746C5F6C6973745F6C656E2E6C6C5F6D6B0061
746C5F6C6973745F6164642E6C615F726F6F6D0061746C5F6C6973745F616464
2E6C615F6261640061746C5F6C6973745F6164642E6C615F73746F7265006174
6C5F6C6973745F6164642E6C615F7265740072745F6261636B74726163652E62
745F6C6F6F700072745F6261636B74726163652E62745F646F6E650061746C5F
6C6973745F6765742E6C675F6E756C6C0061746C5F6C6973745F6765742E6C67
5F7261770061746C5F6C6973745F6765742E6C675F726177690061746C5F6C69
73745F6765742E6C675F72617769320061746C5F6C6973745F6765742E6C675F
6C6973740061746C5F6C6973745F6765742E6C675F6B6C6F6F700061746C5F6C
6973745F6765742E6C675F6B6E6578740061746C5F6C6973745F6765742E6C67
5F696E740061746C5F6C6973745F7365742E6C735F6E756C6C0061746C5F6C69
73745F7365742E6C735F7261770061746C5F6C6973745F7365742E6C735F7261
77690061746C5F6C6973745F7365742E6C735F72617769320061746C5F6C6973
745F7365742E6C735F726177760061746C5F6C6973745F7365742E6C735F7261
7776320061746C5F6C6973745F7365742E6C735F6C6973740061746C5F6C6973
745F7365742E6C735F6B6C6F6F700061746C5F6C6973745F7365742E6C735F6B
6E6578740061746C5F6C6973745F7365742E6C735F6B6E65770061746C5F6C69
73745F7365742E6C735F696E740061746C5F6C6973745F7365742E6C735F6772
6F770061746C5F6C6973745F7365742E6C735F67726F77646F6E650061746C5F
6C6973745F7365742E6C735F66696C6C0061746C5F6C6973745F7365742E6C73
5F73746F72650061746C5F6C6973745F726573697A652E6C725F6C6F6F700061
746C5F6C6973745F726573697A652E6C725F7265740061746C5F6C6973745F61
64645F6B762E6C616B5F7265740061746C5F6C6973745F64656C6574652E6C64
5F6964780061746C5F6C6973745F64656C6574652E6C645F6861766569647800
61746C5F6C6973745F64656C6574652E6C645F73686966740061746C5F6C6973
745F64656C6574652E6C645F646F6E650061746C5F6C6973745F64656C657465
2E6C645F6E756C6C0061746C5F6C6973745F636C6561722E6C635F7265740061
746C5F6C6973745F726576657273652E6C7265765F6C6F6F700061746C5F6C69
73745F726576657273652E6C7265765F7265740061746C5F6C6973745F736F72
742E6C736F72745F690061746C5F6C6973745F736F72742E6C736F72745F6A00
61746C5F6C6973745F736F72742E6C736F72745F6A6E0061746C5F6C6973745F
736F72742E6C736F72745F737761700061746C5F6C6973745F736F72742E6C73
6F72745F6E6578740061746C5F6C6973745F736F72742E6C736F72745F726574
0061746C5F6C6973745F636F6E7461696E732E6C63325F6C6F6F700061746C5F
6C6973745F636F6E7461696E732E6C63325F6E6E756C6C0061746C5F6C697374
5F636F6E7461696E732E6C63325F626F74680061746C5F6C6973745F636F6E74
61696E732E6C63325F6E6F747374720061746C5F6C6973745F636F6E7461696E
732E6C63325F7074720061746C5F6C6973745F636F6E7461696E732E6C63325F
6E6578740061746C5F6C6973745F636F6E7461696E732E6C63325F7472756500
61746C5F6C6973745F636F6E7461696E732E6C63325F66616C73650061746C5F
6C6973745F636F6E7461696E732E6C63325F626F6F6C0061746C5F6C6973745F
66696E642E6C665F6C6F6F700061746C5F6C6973745F66696E642E6C665F6E6E
756C6C0061746C5F6C6973745F66696E642E6C665F626F74680061746C5F6C69
73745F66696E642E6C665F6E6F747374720061746C5F6C6973745F66696E642E
6C665F7074720061746C5F6C6973745F66696E642E6C665F6E6578740061746C
5F6C6973745F66696E642E6C665F6964780061746C5F6C6973745F66696E642E
6C665F6E6567310061746C5F6C6973745F66696E642E6C665F6D6B0061746C5F
6C6973745F6D61702E6C6D5F6C6F6F700061746C5F6C6973745F6D61702E6C6D
5F6B6565700061746C5F6C6973745F6D61702E6C6D5F646F6E650061746C5F6C
6973745F6D61702E6C6D5F6E65770061746C5F6C6973745F66696C7465722E6C
66325F6C6F6F700061746C5F6C6973745F66696C7465722E6C66325F6E657874
0061746C5F6C6973745F66696C7465722E6C66325F646F6E650061746C5F6C69
73745F66696C7465722E6C66325F6E65770061746C5F6C6973745F7265647563
652E6C72645F6C6F6F700061746C5F6C6973745F7265647563652E6C72645F6B
6565700061746C5F6C6973745F7265647563652E6C72645F646F6E650061746C
5F6C6973745F7265647563652E6C72645F696E69740061746C5F6C6973745F72
65647563652E6C72645F6D6B0061746C5F636F6E7461696E732E61635F637374
720061746C5F636F6E7461696E732E61635F68617665620061746C5F636F6E74
61696E732E61635F6C6973740061746C5F636F6E7461696E732E61635F66616C
73650061746C5F636F6E7461696E732E61635F626F6F6C0061746C5F64696374
5F6861735F6B65792E64686B5F637374720061746C5F646963745F6861735F6B
65792E64686B5F686176656B0061746C5F646963745F6861735F6B65792E6468
6B5F6C6F6F700061746C5F646963745F6861735F6B65792E64686B5F6E657874
0061746C5F646963745F6861735F6B65792E64686B5F747275650061746C5F64
6963745F6861735F6B65792E64686B5F66616C73650061746C5F646963745F68
61735F6B65792E64686B5F626F6F6C0061746C5F646963745F6765742E64675F
637374720061746C5F646963745F6765742E64675F686176656B0061746C5F64
6963745F6765742E64675F6C6F6F700061746C5F646963745F6765742E64675F
6E6578740061746C5F646963745F6765742E64675F6E756C6C0061746C5F6469
63745F7365742E64735F637374720061746C5F646963745F7365742E64735F68
6176656B0061746C5F646963745F7365742E64735F6C6F6F700061746C5F6469
63745F7365742E64735F6E6578740061746C5F646963745F7365742E64735F6E
65770061746C5F646963745F7365742E64735F6B65790061746C5F646963745F
7365742E64735F686176656B65790061746C5F646963745F7365742E64735F6B
65796F6B0061746C5F646963745F7365742E64735F76616C0061746C5F646963
745F7365742E64735F6861766576616C0061746C5F646963745F7365742E6473
5F726574760061746C5F646963745F64656C6574655F6B65792E64646B5F6373
74720061746C5F646963745F64656C6574655F6B65792E64646B5F686176656B
0061746C5F646963745F64656C6574655F6B65792E64646B5F6C6F6F70006174
6C5F646963745F64656C6574655F6B65792E64646B5F73686966740061746C5F
646963745F64656C6574655F6B65792E64646B5F646F6E650061746C5F646963
745F64656C6574655F6B65792E64646B5F6E6578740061746C5F646963745F64
656C6574655F6B65792E64646B5F7265740061746C5F646963745F6B6579732E
646B735F6C6F6F700061746C5F646963745F6B6579732E646B735F6E65787400
61746C5F646963745F6B6579732E646B735F7265740061746C5F646963745F76
616C7565732E6476735F6C6F6F700061746C5F646963745F76616C7565732E64
76735F6E6578740061746C5F646963745F76616C7565732E6476735F72657400
72745F6462676164645F666D740072745F6261646B65795F666D740072745F62
745F666D740072745F616C6C6F635F7461670072745F696E73745F6461746100
72745F696E73745F646174612E6969645F6261640061746C5F696E7374616E63
655F6E65772E696E5F737A5F6F6B0061746C5F696E7374616E63655F6E65772E
696E5F6E6F5F636C730061746C5F696E7374616E63655F6E65772E696E5F636C
735F6F6B0061746C5F696E7374616E63655F6E65772E696E5F6C6F6F70006174
6C5F696E7374616E63655F6E65772E696E5F646F6E650061746C5F6465726566
5F7365742E64735F6261640061746C5F696E7374616E63655F6765742E69675F
6261640061746C5F696E7374616E63655F7365742E69735F6261640072745F63
6C6173735F7461620072745F636C6173735F7461625F6E0072745F6D6574686F
645F7461620072745F6D6574686F645F7461625F6E0072745F6669656C645F74
61620072745F6669656C645F7461625F6E0072745F6E756C6C5F6F626A006174
6C5F636C6173735F72656769737465722E63725F7265740061746C5F6D657468
6F645F72656769737465722E6D725F7265740061746C5F636C6173735F666965
6C64735F72656769737465722E66725F7265740072745F6D635F6E756C6C5F66
6D740072745F6D635F7461675F666D740072745F6D635F6E6F666E5F666D7400
72745F66675F6E6F666C645F666D740072745F665F696E666F0072745F665F6C
696E650072745F66696E645F6D6574686F640072745F66696E645F6D6574686F
642E666D5F67756172640072745F66696E645F6D6574686F642E666D5F6D6900
72745F66696E645F6D6574686F642E666D5F6D6E6578740072745F66696E645F
6D6574686F642E666D5F706172656E740072745F66696E645F6D6574686F642E
666D5F63690072745F66696E645F6D6574686F642E666D5F636E657874007274
5F66696E645F6D6574686F642E666D5F63666F756E640072745F66696E645F6D
6574686F642E666D5F6661696C0072745F66696E645F6D6574686F642E666D5F
646F6E650061746C5F6D6574686F645F63616C6C2E6D635F6E616D655F6F6B00
61746C5F6D6574686F645F63616C6C2E6D635F6E5F6F6B0061746C5F6D657468
6F645F63616C6C2E6D635F756E7061636B0061746C5F6D6574686F645F63616C
6C2E6D635F7461696C0061746C5F6D6574686F645F63616C6C2E6D635F6E6F66
6E0061746C5F6D6574686F645F63616C6C2E6D635F6E756C6C0061746C5F6D65
74686F645F63616C6C2E6D635F6E756C6C5F6F6B0061746C5F6D6574686F645F
63616C6C2E6D635F7461670061746C5F6D6574686F645F63616C6C2E6D635F62
61640061746C5F6D6574686F645F63616C6C2E6D635F646F6E650072745F6669
6E645F6669656C645F6964780072745F66696E645F6669656C645F6964782E66
665F67756172640072745F66696E645F6669656C645F6964782E66665F666900
72745F66696E645F6669656C645F6964782E66665F6A6C6F6F700072745F6669
6E645F6669656C645F6964782E66665F6A6E6578740072745F66696E645F6669
656C645F6964782E66665F666F756E640072745F66696E645F6669656C645F69
64782E66665F666E6578740072745F66696E645F6669656C645F6964782E6666
5F706172656E740072745F66696E645F6669656C645F6964782E66665F636900
72745F66696E645F6669656C645F6964782E66665F636E6578740072745F6669
6E645F6669656C645F6964782E66665F63666F756E640072745F66696E645F66
69656C645F6964782E66665F6661696C0072745F66696E645F6669656C645F69
64782E66665F646F6E650061746C5F6669656C645F6765742E66675F6572725F
6C696E650061746C5F6669656C645F6765742E66675F6E6F745F657272006174
6C5F6669656C645F6765742E66675F6E6F745F7374720061746C5F6669656C64
5F6765742E66675F6E6F666C640061746C5F6669656C645F6765742E66675F6D
73675F6F6B0061746C5F6669656C645F6765742E66675F6261640061746C5F66
69656C645F6765742E66675F646F6E650061746C5F6669656C645F7365742E66
735F6E6F666C640061746C5F6669656C645F7365742E66735F6D73675F6F6B00
61746C5F6669656C645F7365742E66735F6261640061746C5F6669656C645F73
65742E66735F646F6E650061746C5F696E7374616E63655F64657374726F792E
69645F6C6F6F700061746C5F696E7374616E63655F64657374726F792E69645F
6E6578740061746C5F696E7374616E63655F64657374726F792E69645F667265
655F76616C730061746C5F696E7374616E63655F64657374726F792E69645F6E
6C6F6F700061746C5F696E7374616E63655F64657374726F792E69645F6E6E65
78740061746C5F696E7374616E63655F64657374726F792E69645F667265655F
6E616D65730061746C5F696E7374616E63655F64657374726F792E69645F6672
65655F636C730061746C5F696E7374616E63655F64657374726F792E69645F66
7265655F640061746C5F696E7374616E63655F64657374726F792E69645F6E75
6C6C5F69740061746C5F696E7374616E63655F64657374726F792E69645F7265
745F73656C660072745F64626C5F31300072745F64626C5F30310072745F626F
6F6C5F747275650072745F626F6F6C5F66616C73650072745F675F6865617000
72745F706F6F6C5F706F730072745F706F6F6C5F66756C6C0061746C5F6D616C
6C6F632E6D616C6C6F635F686176650061746C5F6D616C6C6F632E6D616C6C6F
635F6E0061746C5F7265616C6C6F632E72616C6C6F635F686176650061746C5F
7265616C6C6F632E72616C6C6F635F737A0061746C5F7265616C6C6F632E7261
6C6C6F635F7265610061746C5F7265616C6C6F632E72616C6C6F635F6E006174
6C5F7265616C6C6F632E72616C6C6F635F646F6E650061746C5F667265652E66
7265655F686176650061746C5F667265652E667265655F7265740061746C5F6D
656D6370792E6D6370795F6C6F6F700061746C5F6D656D6370792E6D6370795F
7265740061746C5F7374726C656E2E736C656E5F6C6F6F700061746C5F737472
6C656E2E736C656E5F7265740061746C5F737472636D702E73636D705F610061
746C5F737472636D702E73636D705F620061746C5F737472636D702E73636D70
5F6C6F6F700061746C5F737472636D702E73636D705F646F6E650061746C5F73
74726E636D702E736E636D705F6C6F6F700061746C5F7374726E636D702E736E
636D705F646F6E650061746C5F7374726E636D702E736E636D705F7A65726F00
61746C5F7374727374722E737374725F6F757465720061746C5F737472737472
2E737374725F696E6E65720061746C5F7374727374722E737374725F6E657874
0061746C5F7374727374722E737374725F666F756E640061746C5F7374727374
722E737374725F730061746C5F7374727374722E737374725F6E756C6C006174
6C5F7374726475702E736475705F6F75740061746C5F7374726475702E736475
705F6E756C6C0061746C5F61746F6C6C2E61746F6C6C5F6231360061746C5F61
746F6C6C2E61746F6C6C5F6231300061746C5F61746F6C6C2E61746F6C6C5F70
617273650061746C5F61746F6C6C2E61746F6C6C5F77730061746C5F61746F6C
6C2E61746F6C6C5F77735F6E6578740061746C5F61746F6C6C2E61746F6C6C5F
7369676E0061746C5F61746F6C6C2E61746F6C6C5F706C75730061746C5F6174
6F6C6C2E61746F6C6C5F68657863686B0061746C5F61746F6C6C2E61746F6C6C
5F686578736B69700061746C5F61746F6C6C2E61746F6C6C5F64696769747300
61746C5F61746F6C6C2E61746F6C6C5F616C7068610061746C5F61746F6C6C2E
61746F6C6C5F616C706861320061746C5F61746F6C6C2E61746F6C6C5F646368
6B0061746C5F61746F6C6C2E61746F6C6C5F646F6E650061746C5F61746F6C6C
2E61746F6C6C5F7265740061746C5F61746F6C6C2E61746F6C6C5F7A65726F00
61746C5F61746F662E61746F665F77730061746C5F61746F662E61746F665F77
735F6E6578740061746C5F61746F662E61746F665F7369676E0061746C5F6174
6F662E61746F665F706C75730061746C5F61746F662E61746F665F696E740061
746C5F61746F662E61746F665F646F740061746C5F61746F662E61746F665F66
7261630061746C5F61746F662E61746F665F6578700061746C5F61746F662E61
746F665F6578705F696E0061746C5F61746F662E61746F665F6578705F706C75
730061746C5F61746F662E61746F665F6578705F6469676974730061746C5F61
746F662E61746F665F6578705F646F6E650061746C5F61746F662E61746F665F
6661635F6C6F6F700061746C5F61746F662E61746F665F6661635F646F6E6500
61746C5F61746F662E61746F665F6469760061746C5F61746F662E61746F665F
6E65670061746C5F61746F662E61746F665F7265740061746C5F61746F662E61
746F665F7A65726F0061746C5F706F6F6C5F616C6C6F632E706F6F6C5F726561
64790061746C5F706F6F6C5F616C6C6F632E706F6F6C5F7472790061746C5F70
6F6F6C5F616C6C6F632E706F6F6C5F73657466756C6C0061746C5F706F6F6C5F
616C6C6F632E706F6F6C5F686561700061746C5F706F6F6C5F616C6C6F632E70
6F6F6C5F7265740072745F64626C5F30350072745F64626C5F31653138007274
5F637374725F6275660072745F7374646572725F680072745F7772697474656E
0072745F66756E637461620072745F66756E637461625F6E0061746C5F737472
6370792E7374726370795F6C6F6F700061746C5F7374726370792E7374726370
795F7265740061746C5F6D656D6D6F76652E6D6D765F6677640061746C5F6D65
6D6D6F76652E6D6D765F6261636B0061746C5F6D656D6D6F76652E6D6D765F62
6B0061746C5F6D656D6D6F76652E6D6D765F7265740061746C5F69746F612E69
746F615F6231300061746C5F69746F612E69746F615F626F6B0061746C5F6974
6F612E69746F615F75760061746C5F69746F612E69746F615F7576320061746C
5F69746F612E69746F615F6469676974730061746C5F69746F612E69746F615F
6469676974300061746C5F69746F612E69746F615F7075740061746C5F69746F
612E69746F615F656D69740061746C5F69746F612E69746F615F656D69743200
61746C5F69746F612E69746F615F646F6E650061746C5F66746F612E66746F61
5F706F6B0061746C5F66746F612E66746F615F706F6B320061746C5F66746F61
2E66746F615F706F730061746C5F66746F612E66746F615F696E740061746C5F
66746F612E66746F615F69706172740061746C5F66746F612E66746F615F6970
6172745F6C0061746C5F66746F612E66746F615F69706172745F646F6E650061
746C5F66746F612E66746F615F656D69740061746C5F66746F612E66746F615F
656D69745F6C0061746C5F66746F612E66746F615F667261630061746C5F6674
6F612E66746F615F667261635F6C0061746C5F66746F612E66746F615F726F75
6E640061746C5F66746F612E66746F615F63617272790061746C5F66746F612E
66746F615F63617272795F390061746C5F66746F612E66746F615F6361727279
5F736B0061746C5F66746F612E66746F615F63617272795F616C6C0061746C5F
66746F612E66746F615F6361320061746C5F66746F612E66746F615F63613300
61746C5F66746F612E66746F615F6361340061746C5F66746F612E66746F615F
646F6E650061746C5F66746F612E66746F615F6E616E0061746C5F66746F612E
66746F615F696E660061746C5F66746F612E66746F615F696E666E6567006174
6C5F66746F612E66746F615F696E66320061746C5F66746F612E66746F615F65
7869740061746C5F76736E7072696E74662E7673705F7A65726F0061746C5F76
736E7072696E74662E7673705F6F6B0061746C5F76736E7072696E74662E7673
705F6D61696E0061746C5F76736E7072696E74662E7673705F666C6167730061
746C5F76736E7072696E74662E7673705F66300061746C5F76736E7072696E74
662E7673705F66706C75730061746C5F76736E7072696E74662E7673705F6673
70630061746C5F76736E7072696E74662E7673705F66686173680061746C5F76
736E7072696E74662E7673705F77696474680061746C5F76736E7072696E7466
2E7673705F776469670061746C5F76736E7072696E74662E7673705F70726563
0061746C5F76736E7072696E74662E7673705F706469670061746C5F76736E70
72696E74662E7673705F6C656E0061746C5F76736E7072696E74662E7673705F
6C310061746C5F76736E7072696E74662E7673705F6C680061746C5F76736E70
72696E74662E7673705F68310061746C5F76736E7072696E74662E7673705F6C
690061746C5F76736E7072696E74662E7673705F6933320061746C5F76736E70
72696E74662E7673705F6973697A650061746C5F76736E7072696E74662E7673
705F6C7A0061746C5F76736E7072696E74662E7673705F737065630061746C5F
76736E7072696E74662E7673705F70757463680061746C5F76736E7072696E74
662E7673705F70757463685F7265740061746C5F76736E7072696E74662E7673
705F7075747374720061746C5F76736E7072696E74662E7673705F7075747374
725F6C0061746C5F76736E7072696E74662E7673705F7075747374725F726574
0061746C5F76736E7072696E74662E7673705F7661380061746C5F76736E7072
696E74662E7673705F766134730061746C5F76736E7072696E74662E7673705F
7661340061746C5F76736E7072696E74662E7673705F7661640061746C5F7673
6E7072696E74662E7673705F7063740061746C5F76736E7072696E74662E7673
705F6368720061746C5F76736E7072696E74662E7673705F7374720061746C5F
76736E7072696E74662E7673705F7374725F6F6B0061746C5F76736E7072696E
74662E7673705F7374725F770061746C5F76736E7072696E74662E7673705F73
74725F7061640061746C5F76736E7072696E74662E7673705F7374725F626F64
790061746C5F76736E7072696E74662E7673705F7374725F7061646C0061746C
5F76736E7072696E74662E7673705F696E740061746C5F76736E7072696E7466
2E7673705F696E745F750061746C5F76736E7072696E74662E7673705F696E74
5F6C6C0061746C5F76736E7072696E74662E7673705F696E745F676F74006174
6C5F76736E7072696E74662E7673705F696E745F7370630061746C5F76736E70
72696E74662E7673705F696E745F7369676E0061746C5F76736E7072696E7466
2E7673705F7369676E5F73700061746C5F76736E7072696E74662E7673705F73
69676E5F646F6E650061746C5F76736E7072696E74662E7673705F6865780061
746C5F76736E7072696E74662E7673705F6865785F6C6C0061746C5F76736E70
72696E74662E7673705F6865785F676F740061746C5F76736E7072696E74662E
7673705F6865785F75700061746C5F76736E7072696E74662E7673705F686578
5F7570320061746C5F76736E7072696E74662E7673705F6865785F6861736800
61746C5F76736E7072696E74662E7673705F6865785F780061746C5F76736E70
72696E74662E7673705F6865785F7072650061746C5F76736E7072696E74662E
7673705F6865785F6F75740061746C5F76736E7072696E74662E7673705F7074
720061746C5F76736E7072696E74662E7673705F666C740061746C5F76736E70
72696E74662E7673705F666C745F700061746C5F76736E7072696E74662E7673
705F67666C740061746C5F76736E7072696E74662E7673705F67666C745F7000
61746C5F76736E7072696E74662E7673705F67666C745F730061746C5F76736E
7072696E74662E7673705F67666C745F73320061746C5F76736E7072696E7466
2E7673705F67666C745F7A0061746C5F76736E7072696E74662E7673705F6766
6C745F7A320061746C5F76736E7072696E74662E7673705F67666C745F7A3300
61746C5F76736E7072696E74662E7673705F67666C745F6C656E0061746C5F76
736E7072696E74662E7673705F706C61696E0061746C5F76736E7072696E7466
2E7673705F666C745F7369676E0061746C5F76736E7072696E74662E7673705F
666C745F7370630061746C5F76736E7072696E74662E7673705F67666C745F73
69676E0061746C5F76736E7072696E74662E7673705F64656661756C74006174
6C5F76736E7072696E74662E7673705F6E756D6F75740061746C5F76736E7072
696E74662E7673705F6E7A5F7369676E0061746C5F76736E7072696E74662E76
73705F6E7A5F676F0061746C5F76736E7072696E74662E7673705F6E7A5F7A65
726F730061746C5F76736E7072696E74662E7673705F6E7A5F72657374006174
6C5F76736E7072696E74662E7673705F6E756D5F7370630061746C5F76736E70
72696E74662E7673705F6E756D5F7061640061746C5F76736E7072696E74662E
7673705F6E756D5F626F64790061746C5F76736E7072696E74662E7673705F6E
756D5F7061646C0061746C5F76736E7072696E74662E7673705F6D61696E3200
61746C5F76736E7072696E74662E7673705F646F6E650072745F7374725F6E75
6C6C0072745F7374725F656D70740072745F7374725F747275650072745F7374
725F66616C73650072745F7374725F7265660072745F7374725F66756E007274
5F7374725F6D656D0072745F7374725F696E73740072745F74635F746167666D
740061746C5F7379735F77726974655F7374646572722E7773655F6861766500
61746C5F667072696E74665F7374646572722E6666735F646F6E650061746C5F
66756E635F72656769737465722E667265675F7265740072745F666D745F6C6C
640072745F7374725F636F6D6D610061746C5F746F5F637374722E74635F6462
670061746C5F746F5F637374722E74635F6E756C6C0061746C5F746F5F637374
722E74635F626F6F6C0061746C5F746F5F637374722E74635F626F6F6C5F6600
61746C5F746F5F637374722E74635F626F6F6C5F63700061746C5F746F5F6373
74722E74635F696E740061746C5F746F5F637374722E74635F666C6F61740061
746C5F746F5F637374722E74635F737472696E670061746C5F746F5F63737472
2E74635F66756E630061746C5F746F5F637374722E74635F66756E635F6E0061
746C5F746F5F637374722E74635F696E7374616E63650061746C5F746F5F6373
74722E74635F696E73745F710061746C5F746F5F637374722E74635F696E7374
5F6E0061746C5F746F5F637374722E74635F7265660061746C5F746F5F637374
722E74635F7261770061746C5F746F5F637374722E74635F7261775F30006174
6C5F746F5F637374722E74635F7261775F6E0061746C5F746F5F637374722E74
635F6572726F720061746C5F746F5F637374722E74635F6572725F7265630061
746C5F746F5F637374722E74635F6572725F656D7074790061746C5F746F5F63
7374722E74635F6C6973740061746C5F746F5F637374722E74635F6C6973745F
6C0061746C5F746F5F637374722E74635F6C6973745F6974656D0061746C5F74
6F5F637374722E74635F6C6973745F656E640061746C5F746F5F637374722E74
635F6C6973745F63700061746C5F746F5F637374722E74635F6C6973745F656D
7074790061746C5F746F5F637374722E74635F7265740061746C5F746F5F6373
74722E74635F707574630061746C5F746F5F637374722E74635F707574635F72
65740061746C5F746F5F637374722E74635F707574730061746C5F746F5F6373
74722E74635F707574735F6C0061746C5F746F5F637374722E74635F70757473
5F726574006D61696E435254537461727475702E70635F6F75746572006D6169
6E435254537461727475702E70635F736B6970006D61696E4352545374617274
75702E70635F736B697032006D61696E435254537461727475702E70635F736B
697033006D61696E435254537461727475702E70635F696E6E6572006D61696E
435254537461727475702E70635F6E6F7471006D61696E435254537461727475
702E70635F70757463006D61696E435254537461727475702E70635F746F6B65
6E64006D61696E435254537461727475702E70635F67726F7732006D61696E43
5254537461727475702E70635F67726F7733006D61696E435254537461727475
702E70635F636F7079006D61696E435254537461727475702E70635F636F7079
5F646F6E65006D61696E435254537461727475702E70635F6E6F67726F77006D
61696E435254537461727475702E70635F6E756C6C006D61696E435254537461
727475702E70635F646F6E65006D61696E435254537461727475702E6D635F65
7869740061746C5F7468726F772E6E6F68616E646C65720072745F7374646F75
745F68007261775F7074722E72705F696E74007261775F7074722E72705F7A65
726F007261775F7074722E72705F646F6E650061746C5F6D616B655F6572726F
720061746C5F6D616B655F6572726F722E6D655F686176655F6D736700736275
665F7265736572766500736275665F726573657276652E73725F673200736275
665F726573657276652E73725F673300736275665F726573657276652E73725F
6C6F6F7000736275665F726573657276652E73725F6C6F6F705F646F6E650073
6275665F726573657276652E73725F72657400736275665F7075747300736275
665F646F6E652E73645F6861766500736275665F667265650061746C5F737973
5F77726974655F7374646F75742E77736F5F686176650061746C5F7374726368
722E73635F6C6F6F700061746C5F7374726368722E73635F656E640061746C5F
7374726368722E73635F6E756C6C0061746C5F7374726368722E73635F666F75
6E640061746C5F7374726368722E73635F646F6E650061746C5F737472746F6C
6C2E73745F726574300061746C5F737472746F6C6C2E73745F676F0061746C5F
737472746F6C6C2E73745F736B69700061746C5F737472746F6C6C2E73745F73
6B6970320061746C5F737472746F6C6C2E73745F7369676E0061746C5F737472
746F6C6C2E73745F706C75730061746C5F737472746F6C6C2E73745F62617365
0061746C5F737472746F6C6C2E73745F623136780061746C5F737472746F6C6C
2E73745F6231300061746C5F737472746F6C6C2E73745F626173653136006174
6C5F737472746F6C6C2E73745F62313678320061746C5F737472746F6C6C2E73
745F64696769740061746C5F737472746F6C6C2E73745F616C7068610061746C
5F737472746F6C6C2E73745F410061746C5F737472746F6C6C2E73745F610061
746C5F737472746F6C6C2E73745F64300061746C5F737472746F6C6C2E73745F
68640061746C5F737472746F6C6C2E73745F66696E0061746C5F737472746F6C
6C2E73745F726574760061746C5F737472746F6C6C2E73745F646F6E65006174
6C5F737472746F642E73645F726574300061746C5F737472746F642E73645F67
6F0061746C5F737472746F642E73645F736B69700061746C5F737472746F642E
73645F736B6970320061746C5F737472746F642E73645F7369676E0061746C5F
737472746F642E73645F706C75730061746C5F737472746F642E73645F696E74
0061746C5F737472746F642E73645F646F740061746C5F737472746F642E7364
5F667261630061746C5F737472746F642E73645F6578700061746C5F73747274
6F642E73645F657870320061746C5F737472746F642E73645F6578705F700061
746C5F737472746F642E73645F6578705F640061746C5F737472746F642E7364
5F66696E0061746C5F737472746F642E73645F6170706C790061746C5F737472
746F642E73645F6578705F6C6F6F700061746C5F737472746F642E73645F6578
705F646F6E650061746C5F737472746F642E73645F6D756C0061746C5F737472
746F642E73645F6E65670061746C5F737472746F642E73645F646F6E65007274
5F6578635F666D740072745F6578635F716D61726B0061746C5F756E63617567
68745F657869742E75655F6D616B650061746C5F756E6361756768745F657869
742E75655F686176650061746C5F756E6361756768745F657869742E75655F71
0061746C5F756E6361756768745F657869742E75655F676F0061746C5F657863
5F706F702E65705F7265740061746C5F72657468726F772E72745F6E756C6C00
61746C5F72657468726F772E72745F646F6E650061746C5F7379735F66696C65
5F6F70656E2E666F5F6163630061746C5F7379735F66696C655F6F70656E2E66
6F5F646973700061746C5F7379735F66696C655F6F70656E2E666F5F6E6F6372
656174650061746C5F7379735F66696C655F6F70656E2E666F5F6E756C6C0061
746C5F7379735F66696C655F6F70656E2E666F5F646F6E650061746C5F737973
5F66696C655F636C6F73652E66635F7265740061746C5F7379735F66696C655F
726561642E66725F6661696C0061746C5F7379735F66696C655F726561642E66
725F646F6E650061746C5F7379735F66696C655F73697A652E667A5F6661696C
0061746C5F7379735F66696C655F73697A652E667A5F646F6E650061746C5F73
79735F66696C655F7365656B2E66736B5F6F6B0061746C5F7379735F66696C65
5F7365656B2E66736B5F646F6E650061746C5F66696C655F6F70656E2E666F32
5F6E756C6C0061746C5F66696C655F6F70656E2E666F325F646F6E650061746C
5F66696C655F636C6F73652E6663325F6E756C6C0061746C5F66696C655F7369
7A652E667A325F6E756C6C0061746C5F66696C655F73697A652E667A325F646F
6E650061746C5F6D656D5F616C6C6F632E6D615F6F6B0061746C5F6D656D5F66
7265652E6D665F6E756C6C0061746C5F6D656D5F616C6C6F635F657865632E6D
61655F6F6B0061746C5F6D656D5F7365745F657865632E6D73655F7265747000
61746C5F6D656D5F7365745F657865632E6D73655F726574300061746C5F6D65
6D5F7365745F657865632E6D73655F646F6E650061746C5F6D656D5F72656164
627974652E6D72625F7A65726F0061746C5F6D656D5F72656164627974652E6D
72625F646F6E650061746C5F6D656D5F7772697465627974652E6D77625F7A65
726F0061746C5F6D656D5F7772697465627974652E6D77625F646F6E65006174
6C5F6D656D5F657865632E6D655F7A65726F0061746C5F6D656D5F657865632E
6D655F646F6E650061746C5F62696E5F726561642E62725F7365656B5F646F6E
650061746C5F62696E5F726561642E62725F636E740061746C5F62696E5F7265
61642E62725F656D7074790061746C5F62696E5F726561642E62725F646F6E65
0061746C5F726561645F62797465732E72625F7A65726F0061746C5F72656164
5F62797465732E72625F646F6E650072745F656D7074795F7374720072745F6E
65776C696E650061746C5F7072696E742E705F656C73650061746C5F7072696E
742E705F6C6F6F700061746C5F7072696E742E705F6F75740061746C5F707269
6E742E705F686176650061746C5F7072696E742E705F6E65776C696E65006174
6C5F7072696E742E705F7265740061746C5F6572727072696E742E655F656C73
650061746C5F6572727072696E742E655F6C6F6F700061746C5F657272707269
6E742E655F6F75740061746C5F6572727072696E742E655F686176650061746C
5F6572727072696E742E655F6E65776C696E650061746C5F6572727072696E74
2E655F72657400666F726D61745F746F5F736200666F726D61745F746F5F7362
2E7066735F6C6F6F7000666F726D61745F746F5F73622E7066735F706C61696E
00666F726D61745F746F5F73622E7066735F61726700666F726D61745F746F5F
73622E7066735F6E756C6C6100666F726D61745F746F5F73622E7066735F6861
76656100666F726D61745F746F5F73622E7066735F73696D706C6500666F726D
61745F746F5F73622E70735F6400666F726D61745F746F5F73622E70735F6600
666F726D61745F746F5F73622E70735F7300666F726D61745F746F5F73622E70
735F7800666F726D61745F746F5F73622E70735F6300666F726D61745F746F5F
73622E70735F646F6E6500666F726D61745F746F5F73622E7066735F66756C6C
00666F726D61745F746F5F73622E7066735F666C6F6F7000666F726D61745F74
6F5F73622E7066735F66636F6E7600666F726D61745F746F5F73622E7066735F
6C6C00666F726D61745F746F5F73622E7066735F666D743000666F726D61745F
746F5F73622E7066735F636600666F726D61745F746F5F73622E7066735F6366
6C7400666F726D61745F746F5F73622E7066735F63696E7400666F726D61745F
746F5F73622E7066735F63736E00666F726D61745F746F5F73622E7066735F66
7075747300666F726D61745F746F5F73622E7066735F6578697400666F726D61
745F746F5F73622E7066735F7265740061746C5F6E756D2E6E5F646F74006174
6C5F6E756D2E6E5F7A65726F0061746C5F6E756D2E6E5F7A65726F320061746C
5F6E756D2E6E5F646F6E650061746C5F6368722E635F6E65670061746C5F6368
722E635F32620061746C5F6368722E635F33620061746C5F6368722E635F7374
720061746C5F636F6465706F696E742E63705F330061746C5F636F6465706F69
6E742E63705F3463686B0061746C5F636F6465706F696E742E63705F31006174
6C5F636F6465706F696E742E63705F7261770061746C5F636F6465706F696E74
2E63705F696E740061746C5F636F6465706F696E742E63705F7A65726F006174
6C5F636F6465706F696E742E63705F646F6E650061746C5F746F696E742E7469
5F7A65726F0061746C5F746F696E742E74695F696E746C696B650061746C5F74
6F696E742E74695F666C6F61740061746C5F746F696E742E74695F737472696E
670061746C5F746F696E742E74695F646F6E650061746C5F6D656D5F7265706F
72742E6D725F7461670061746C5F7379735F676574666E2E73675F7A65726F00
61746C5F7379735F676574666E2E73675F646F6E650061746C5F7374726E6370
792E73635F6C6F6F700061746C5F7374726E6370792E73635F7061640061746C
5F7374726E6370792E73635F7265740072745F666D745F6C6C780072745F6D65
6D666D740061746C5F6D6174685F6162732E6162735F6F6B0061746C5F6D6174
685F6162732E6162735F706F730061746C5F6D6174685F6162732E6162735F66
6C6F61740061746C5F6D6174685F6162732E6162735F66706F730061746C5F6D
6174685F666C6F6F722E666C5F6F6B0061746C5F6D6174685F666C6F6F722E66
6C5F666C6F61740061746C5F6D6174685F6D6F642E6D6D5F615F6F6B0061746C
5F6D6174685F6D6F642E6D6D5F625F6F6B0061746C5F6D6174685F6D6F642E6D
6D5F696E740061746C5F6D6174685F6D6F642E6D6D5F696469760061746C5F6D
6174685F6D6F642E6D6D5F666C6F61740061746C5F6D6174685F6D6F642E6D6D
5F6663616C630061746C5F6D6174685F6176672E6176675F6C6F6F700061746C
5F6D6174685F6176672E6176675F646F6E650061746C5F6D6174685F6176672E
6176675F7A65726F0061746C5F6D6174685F6D61782E6D6D785F6C6F6F700061
746C5F6D6174685F6D61782E6D6D785F6E6578740061746C5F6D6174685F6D61
782E6D6D785F646F6E650061746C5F6D6174685F6D61782E6D6D785F6E756C6C
0061746C5F6D6174685F6D696E2E6D6D6E5F6C6F6F700061746C5F6D6174685F
6D696E2E6D6D6E5F6E6578740061746C5F6D6174685F6D696E2E6D6D6E5F646F
6E650061746C5F6D6174685F6D696E2E6D6D6E5F6E756C6C0061746C5F697364
696769742E69645F6E6F0061746C5F6973616C7068612E69615F75700061746C
5F6973616C7068612E69615F6E6F0061746C5F6973616C7068612E69615F7965
730061746C5F6973616C6E756D2E69616E5F75700061746C5F6973616C6E756D
2E69616E5F6C6F0061746C5F6973616C6E756D2E69616E5F6E6F0061746C5F69
73616C6E756D2E69616E5F7965730061746C5F69737864696769742E69785F61
750061746C5F69737864696769742E69785F616C0061746C5F69737864696769
742E69785F6E6F0061746C5F69737864696769742E69785F7965730061746C5F
697373706163652E6973735F6E6F0061746C5F697373706163652E6973735F79
65730061746C5F746F75707065722E74755F646F6E650061746C5F746F6C6F77
65722E746C5F646F6E650061746C5F61746F6D69635F696E632E61695F696E63
0061746C5F61746F6D69635F696E632E61695F6E756C6C0061746C5F61746F6D
69635F6465632E61645F6465630061746C5F61746F6D69635F6465632E61645F
6E756C6C0061746C5F73796E635F6C6F636B5F6372656174652E736C635F6F6B
0061746C5F73796E635F6C6F636B5F6372656174652E736C635F6C6F6F700061
746C5F73796E635F6C6F636B2E736C5F6E756C6C0061746C5F73796E635F756E
6C6F636B2E73755F6E756C6C0061746C5F736C6565705F6D732E736D5F646F6E
650061746C5F6D656D7365742E6D735F6C6F6F700061746C5F6D656D7365742E
6D735F646F6E650061746C5F6D656D636D702E6D635F6C6F6F700061746C5F6D
656D636D702E6D635F7A65726F0061746C5F6D656D636D702E6D635F64696666
0061746C5F7374726E6475702E73645F646F6E650061746C5F7374726361742E
73635F66696E640061746C5F7374726361742E73635F636F70790061746C5F73
74726361742E73635F646F6E650061746C5F7379735F66696C655F7772697465
2E7366775F7A65726F0061746C5F7379735F726561645F737464696E2E72735F
686176650061746C5F7379735F726561645F737464696E2E72735F7A65726F00
61746C5F616C6C6F632E616C6C6F635F6F6B0061746C5F6C69625F696E69742E
6C695F646F6E650061746C5F6D656D5F70726F62655F6164642E6D70615F6D00
61746C5F6D656D5F70726F62655F6164642E6D70615F6C6F6F700061746C5F6D
656D5F70726F62655F6164642E6D70615F7A646F6E650061746C5F6D656D5F70
726F62655F6164642E6D70615F646F6E650061746C5F76667072696E74665F73
74646572722E7666655F646F6E650061746C5F66696C655F6372656174652E66
635F7A65726F0061746C5F66696C655F77726974652E66775F6E756C6C006174
6C5F66696C655F726561642E66725F656D7074795F636C6F73650061746C5F66
696C655F726561642E66725F656D7074790061746C5F66696C655F726561645F
6C696E65732E66726C5F730061746C5F66696C655F726561645F6C696E65732E
66726C5F650061746C5F66696C655F726561645F6C696E65732E66726C5F6C6F
6F700061746C5F66696C655F726561645F6C696E65732E66726C5F696E6E6572
0061746C5F66696C655F726561645F6C696E65732E66726C5F696E6E65725F64
6F6E650061746C5F66696C655F726561645F6C696E65732E66726C5F63686563
6B0061746C5F66696C655F726561645F6C696E65732E66726C5F696E63006174
6C5F66696C655F726561645F6C696E65732E66726C5F646F6E650061746C5F66
696C655F726561645F6C696E65732E66726C5F656D7074795F636C6F73650061
746C5F66696C655F726561645F6C696E65732E66726C5F656D7074790061746C
5F62696E5F77726974652E62775F736B69700061746C5F62696E5F7772697465
2E62775F6E756C6C0061746C5F62696E5F77726974655F77696474682E627777
5F77726974650061746C5F62696E5F77726974655F77696474682E6277775F31
360061746C5F62696E5F77726974655F77696474682E6277775F36340061746C
5F62696E5F77726974655F77696474682E6277775F3132380061746C5F62696E
5F77726974655F77696474682E6277775F6465660061746C5F62696E5F777269
74655F77696474682E6277775F636E740061746C5F62696E5F77726974655F77
696474682E6277775F6C6F6F700061746C5F62696E5F77726974655F77696474
682E6277775F73686966740061746C5F62696E5F77726974655F77696474682E
6277775F73686966745F646F6E650061746C5F62696E5F77726974655F776964
74682E6277775F7772697474656E0061746C5F62696E5F77726974655F776964
74682E6277775F6E756C6C0061746C5F77726974655F62797465732E77625F7A
65726F0061746C5F6D656D5F7265616C6C6F632E616D725F737A00736275665F
7075746E2E73706E5F6E63617000736275665F7075746E2E73706E5F67726F77
00736275665F7075746E2E73706E5F616C6C6F6300736275665F7075746E2E73
706E5F636F707900736275665F7072696E74662E7370665F6672656500736275
665F7072696E74662E7370665F646F6E650072745F6F6F6D5F6D73670072745F
737464696E5F6800735F70726F62655F62756600735F70726F62655F6C656E00
735F70726F62655F6E0072745F7468726561645F656E7472790072745F746872
6561645F656E7472792E74655F667265650072745F7468726561645F656E7472
792E74655F7265740072745F66696E645F66756E630072745F66696E645F6675
6E632E66665F6C6F6F700072745F66696E645F66756E632E66665F6E65787400
72745F66696E645F66756E632E66665F6E756C6C0061746C5F64657265662E64
725F6E756C6C0061746C5F70726F635F6372656174652E70635F6E6172677300
61746C5F70726F635F6372656174652E70635F6172676C6F6F700061746C5F70
726F635F6372656174652E70635F6E6F617267730061746C5F70726F635F6372
656174652E70635F7468726561640061746C5F70726F635F6372656174652E70
635F7A65726F0061746C5F70726F635F6372656174652E70635F686176650061
746C5F70726F635F776169742E70775F6E756C6C0061746C5F7379735F63616C
6C2E73635F636F6E760061746C5F7379735F63616C6C2E73635F76696E740061
746C5F7379735F63616C6C2E73635F76300061746C5F7379735F63616C6C2E73
635F76736176650061746C5F7379735F63616C6C2E73635F63616C6C0061746C
5F7379735F63616C6C2E73635F7A65726F0070617273655F636D646C696E6500
70617273655F636D646C696E652E70636C5F6F757465720070617273655F636D
646C696E652E70636C5F746F6B0070617273655F636D646C696E652E70636C5F
696E710070617273655F636D646C696E652E70636C5F63686172007061727365
5F636D646C696E652E70636C5F746F6B5F656E640070617273655F636D646C69
6E652E70636C5F64626C0070617273655F636D646C696E652E70636C5F616C6C
6F630070617273655F636D646C696E652E70636C5F666F6C640070617273655F
636D646C696E652E70636C5F666E65770070617273655F636D646C696E652E70
636C5F73746F72650070617273655F636D646C696E652E70636C5F7773007061
7273655F636D646C696E652E70636C5F66696E6973680070617273655F636D64
6C696E652E70636C5F646F6E650061746C5F7379735F657865632E73655F656D
7074790061746C5F7379735F657865632E73655F706970655F6F6B0061746C5F
7379735F657865632E73655F73697A65726F0061746C5F7379735F657865632E
73655F7369646F6E650061746C5F7379735F657865632E73655F63705F6F6B00
61746C5F7379735F657865632E73655F726561640061746C5F7379735F657865
632E73655F72646F6E650072745F636D645F7072656669780061746C5F666F72
6D61742E61665F636F6E6361740061746C5F666F726D61742E61665F6C6F6F70
0061746C5F666F726D61742E61665F6D6B7374720061746C5F666F726D61742E
61665F686176650061746C5F666F726D61742E61665F656D7074790072745F75
726C5F687474700072745F75726C5F68747470730072745F6163636570740072
745F706F73745F686561646572730072745F77735F696E697465640077735F69
6E69742E77695F646F6E65006E65745F70617273655F75726C006E65745F7061
7273655F75726C2E6E70755F6874747073006E65745F70617273655F75726C2E
6E70755F686F7374006E65745F70617273655F75726C2E6E70755F686C6F6F70
006E65745F70617273655F75726C2E6E70755F68646F6E65006E65745F706172
73655F75726C2E6E70755F706C6F6F70006E65745F70617273655F75726C2E6E
70755F70646F6E65006E65745F70617273655F75726C2E6E70755F7061746800
6E65745F70617273655F75726C2E6E70755F646C6F6F70006E65745F70617273
655F75726C2E6E70755F64646F6E65006E65745F70617273655F75726C2E6E70
755F7265740061746C5F6E65745F7265736F6C76652E6E725F656D7074790061
746C5F6E65745F6765742E6E675F75726C0061746C5F6E65745F6765742E6E67
5F726561640061746C5F6E65745F6765742E6E675F72646F6E650061746C5F6E
65745F6765742E6E675F636C6F73650061746C5F6E65745F6765742E6E675F65
6D7074790061746C5F6E65745F706F73742E6E705F636F6E6E0061746C5F6E65
745F706F73742E6E705F7265710061746C5F6E65745F706F73742E6E705F7365
6E640061746C5F6E65745F706F73742E6E705F726561640061746C5F6E65745F
706F73742E6E705F72646F6E650061746C5F6E65745F706F73742E6E705F7363
6C6F73650061746C5F6E65745F706F73742E6E705F726571636C6F7365006174
6C5F6E65745F706F73742E6E705F66706174680061746C5F6E65745F706F7374
2E6E705F66686F73740061746C5F6E65745F706F73742E6E705F656D70747900
61746C5F6E65745F70696E672E6E707A5F7A65726F006E65745F7472795F636F
6E6E656374006E65745F7472795F636F6E6E6563742E6E74635F70726F67006E
65745F7472795F636F6E6E6563742E6E74635F6F6B006E65745F7472795F636F
6E6E6563742E6E74635F636C6F736530006E65745F7472795F636F6E6E656374
2E6E74635F7A65726F0061746C5F6E65745F616C6976652E6E615F6465660061
746C5F6E65745F616C6976652E6E615F7472790061746C5F6E65745F616C6976
652E6E615F7965730061746C5F6E65745F616C6976652E6E615F6E6F0072745F
706F73745F6D0072745F6874747031310072745F6163636570745F6172720061
746C5F7379735F686561705F616C6C6F632E68615F686176650061746C5F7379
735F686561705F616C6C6F632E68615F6E0061746C5F7379735F686561705F72
65616C6C6F632E68725F686176650061746C5F7379735F686561705F7265616C
6C6F632E68725F6E310061746C5F7379735F686561705F7265616C6C6F632E68
725F72650061746C5F7379735F686561705F7265616C6C6F632E68725F6E3200
61746C5F7379735F686561705F7265616C6C6F632E68725F646F6E650061746C
5F7379735F686561705F667265652E68665F646F6E650061746C5F74696D655F
7374722E7473340061746C5F74696D655F7374722E7473320072745F6A736F6E
5F747275650072745F6A736F6E5F66616C73650072745F6A736F6E5F6E756C6C
0061746C5F6A736F6E5F70617273652E6A705F6E756C0061746C5F6A736F6E5F
70617273652E6A705F7265740061746C5F6A736F6E5F70617273652E6A775F73
6B69700061746C5F6A736F6E5F70617273652E6A775F6164760061746C5F6A73
6F6E5F70617273652E6A775F646F6E650061746C5F6A736F6E5F70617273652E
6A735F7374720061746C5F6A736F6E5F70617273652E6A735F6C6F6F70006174
6C5F6A736F6E5F70617273652E6A735F655F740061746C5F6A736F6E5F706172
73652E6A735F655F720061746C5F6A736F6E5F70617273652E6A735F655F6200
61746C5F6A736F6E5F70617273652E6A735F655F660061746C5F6A736F6E5F70
617273652E6A735F655F736C6173680061746C5F6A736F6E5F70617273652E6A
735F655F71756F74650061746C5F6A736F6E5F70617273652E6A735F655F6273
0061746C5F6A736F6E5F70617273652E6A735F655F750061746C5F6A736F6E5F
70617273652E6A735F756E690061746C5F6A736F6E5F70617273652E6A735F75
6E695F6C6F770061746C5F6A736F6E5F70617273652E6A735F756E695F757000
61746C5F6A736F6E5F70617273652E6A735F756E695F6164760061746C5F6A73
6F6E5F70617273652E6A735F756E695F646F6E650061746C5F6A736F6E5F7061
7273652E6A735F756E695F62320061746C5F6A736F6E5F70617273652E6A735F
756E695F62330061746C5F6A736F6E5F70617273652E6A735F6573635F646566
61756C740061746C5F6A736F6E5F70617273652E6A735F6573635F7075740061
746C5F6A736F6E5F70617273652E6A735F616476320061746C5F6A736F6E5F70
617273652E6A735F706C61696E0061746C5F6A736F6E5F70617273652E6A735F
656E640061746C5F6A736F6E5F70617273652E6A735F6E6F636F6E73756D6500
61746C5F6A736F6E5F70617273652E6A6E5F6E756D0061746C5F6A736F6E5F70
617273652E6A6E5F6C6F6F700061746C5F6A736F6E5F70617273652E6A6E5F6D
617962650061746C5F6A736F6E5F70617273652E6A6E5F66646F740061746C5F
6A736F6E5F70617273652E6A6E5F64696769740061746C5F6A736F6E5F706172
73652E6A6E5F646F6E650061746C5F6A736F6E5F70617273652E6A6E5F696E74
0061746C5F6A736F6E5F70617273652E6A6E5F7265740061746C5F6A736F6E5F
70617273652E6A6F5F6F626A0061746C5F6A736F6E5F70617273652E6A6F5F6C
6F6F700061746C5F6A736F6E5F70617273652E6A6F5F6E6F636F6C6F6E006174
6C5F6A736F6E5F70617273652E6A6F5F63620061746C5F6A736F6E5F70617273
652E6A6F5F7265740061746C5F6A736F6E5F70617273652E6A615F6172720061
746C5F6A736F6E5F70617273652E6A615F6C6F6F700061746C5F6A736F6E5F70
617273652E6A615F63620061746C5F6A736F6E5F70617273652E6A615F726574
0061746C5F6A736F6E5F70617273652E6A765F76616C0061746C5F6A736F6E5F
70617273652E6A765F6E6F74656E640061746C5F6A736F6E5F70617273652E6A
765F69736172720061746C5F6A736F6E5F70617273652E6A765F697373747200
61746C5F6A736F6E5F70617273652E6A765F6973747275650061746C5F6A736F
6E5F70617273652E6A765F697366616C73650061746C5F6A736F6E5F70617273
652E6A765F69736E756C6C0061746C5F6A736F6E5F70617273652E6A765F6E75
6D0061746C5F6A736F6E5F70617273652E6A765F7265740072745F6A736F6E5F
6573635F710072745F6A736F6E5F6573635F62730072745F6A736F6E5F657363
5F6E0072745F6A736F6E5F6573635F740072745F6A736F6E5F6573635F720072
745F6A736F6E5F6E756C6C5F730072745F6A736F6E5F747275655F730072745F
6A736F6E5F66616C73655F730072745F6A736F6E5F656D7074790072745F666D
745F686578340061746C5F6A736F6E5F73657269616C697A652E65735F737472
0061746C5F6A736F6E5F73657269616C697A652E65735F6C6F6F700061746C5F
6A736F6E5F73657269616C697A652E65735F62730061746C5F6A736F6E5F7365
7269616C697A652E65735F6E0061746C5F6A736F6E5F73657269616C697A652E
65735F740061746C5F6A736F6E5F73657269616C697A652E65735F720061746C
5F6A736F6E5F73657269616C697A652E65735F6374726C0061746C5F6A736F6E
5F73657269616C697A652E65735F706C61696E0061746C5F6A736F6E5F736572
69616C697A652E65735F707574730061746C5F6A736F6E5F73657269616C697A
652E65735F707574735F6C0061746C5F6A736F6E5F73657269616C697A652E65
735F6164760061746C5F6A736F6E5F73657269616C697A652E65735F646F6E65
0061746C5F6A736F6E5F73657269616C697A652E73765F76616C0061746C5F6A
736F6E5F73657269616C697A652E73765F7461670061746C5F6A736F6E5F7365
7269616C697A652E73765F626F6F6C0061746C5F6A736F6E5F73657269616C69
7A652E73765F626F6F6C5F660061746C5F6A736F6E5F73657269616C697A652E
73765F696E740061746C5F6A736F6E5F73657269616C697A652E73765F666C6F
61740061746C5F6A736F6E5F73657269616C697A652E73765F7374720061746C
5F6A736F6E5F73657269616C697A652E73765F737472320061746C5F6A736F6E
5F73657269616C697A652E73765F6C6973740061746C5F6A736F6E5F73657269
616C697A652E73765F6C73310061746C5F6A736F6E5F73657269616C697A652E
73765F6C7331610061746C5F6A736F6E5F73657269616C697A652E73765F6C73
31640061746C5F6A736F6E5F73657269616C697A652E73765F6F626A5F6C0061
746C5F6A736F6E5F73657269616C697A652E73765F6F626A5F6E630061746C5F
6A736F6E5F73657269616C697A652E73765F6F626A5F610061746C5F6A736F6E
5F73657269616C697A652E73765F6F626A5F640061746C5F6A736F6E5F736572
69616C697A652E73765F61727261790061746C5F6A736F6E5F73657269616C69
7A652E73765F6172725F6C0061746C5F6A736F6E5F73657269616C697A652E73
765F6172725F6E630061746C5F6A736F6E5F73657269616C697A652E73765F61
72725F640061746C5F6A736F6E5F73657269616C697A652E73765F6465666175
6C740061746C5F6A736F6E5F73657269616C697A652E73765F70757473006174
6C5F6A736F6E5F73657269616C697A652E73765F707574735F6C0061746C5F6A
736F6E5F73657269616C697A652E73765F7265740061746C5F72656765785F6D
617463682E72786D5F6C6F6F70300061746C5F72656765785F6D617463682E72
786D5F6C6F6F700061746C5F72656765785F6D617463682E72786D5F74727565
0061746C5F72656765785F6D617463682E72786D5F66616C73650061746C5F72
656765785F6D617463682E72786D5F6E756C6C0061746C5F72656765785F6D61
7463682E72786D5F7265740061746C5F72656765785F6D617463682E72785F74
72790061746C5F72656765785F6D617463682E7278745F6F6B0061746C5F7265
6765785F6D617463682E7278745F72700061746C5F72656765785F6D61746368
2E7278745F706970650061746C5F72656765785F6D617463682E7278745F6C70
0061746C5F72656765785F6D617463682E7278745F676C6F6F700061746C5F72
656765785F6D617463682E7278745F6763320061746C5F72656765785F6D6174
63682E7278745F6763330061746C5F72656765785F6D617463682E7278745F67
63686B0061746C5F72656765785F6D617463682E7278745F676164760061746C
5F72656765785F6D617463682E7278745F67656E640061746C5F72656765785F
6D617463682E7278745F6E756C6C0061746C5F72656765785F6D617463682E72
78745F676F6B0061746C5F72656765785F6D617463682E7278745F6231656300
61746C5F72656765785F6D617463682E7278745F623165640061746C5F726567
65785F6D617463682E7278745F62326E0061746C5F72656765785F6D61746368
2E7278745F6232640061746C5F72656765785F6D617463682E7278745F616C74
0061746C5F72656765785F6D617463682E7278745F61746F6D0061746C5F7265
6765785F6D617463682E7278745F71300061746C5F72656765785F6D61746368
2E7278745F71310061746C5F72656765785F6D617463682E7278745F71710061
746C5F72656765785F6D617463682E7278745F7171320061746C5F7265676578
5F6D617463682E7278745F71737461720061746C5F72656765785F6D61746368
2E7278745F737461726C0061746C5F72656765785F6D617463682E7278745F73
746172320061746C5F72656765785F6D617463682E7278745F71706C75730061
746C5F72656765785F6D617463682E7278745F706C75736C0061746C5F726567
65785F6D617463682E7278745F706C7573320061746C5F72656765785F6D6174
63682E7278745F7265740061746C5F72656765785F6D617463682E72785F6174
6F6D0061746C5F72656765785F6D617463682E7278615F6661696C0061746C5F
72656765785F6D617463682E7278615F6F6B0061746C5F72656765785F6D6174
63682E7278615F62730061746C5F72656765785F6D617463682E7278615F6273
320061746C5F72656765785F6D617463682E7278615F770061746C5F72656765
785F6D617463682E7278615F77320061746C5F72656765785F6D617463682E72
78615F77330061746C5F72656765785F6D617463682E7278615F77340061746C
5F72656765785F6D617463682E7278615F776F6B0061746C5F72656765785F6D
617463682E7278615F730061746C5F72656765785F6D617463682E7278615F73
6F6B0061746C5F72656765785F6D617463682E7278615F6C69740061746C5F72
656765785F6D617463682E7278615F62736F6B0061746C5F72656765785F6D61
7463682E7278615F6273660061746C5F72656765785F6D617463682E7278615F
636C730061746C5F72656765785F6D617463682E7278615F6E660061746C5F72
656765785F6D617463682E7278615F6E65670061746C5F72656765785F6D6174
63682E7278615F636C73320061746C5F72656765785F6D617463682E7278615F
6C6974320061746C5F72656765785F6D617463682E7278615F7265740061746C
5F72656765785F6D617463682E72785F636C6173730061746C5F72656765785F
6D617463682E7278635F6C6F6F700061746C5F72656765785F6D617463682E72
78635F6C6F6F70320061746C5F72656765785F6D617463682E7278635F72616E
67650061746C5F72656765785F6D617463682E7278635F72616E67655F646F6E
650061746C5F72656765785F6D617463682E7278635F73696E676C650061746C
5F72656765785F6D617463682E7278635F646F6E650061746C5F72656765785F
6D617463682E7278635F736B6970005F5F61746C5F696E745F30005F5F61746C
5F696E745F31005F5F61746C5F626F6F6C5F74727565005F5F61746C5F626F6F
6C5F66616C7365005F5F61746C5F676C6F62616C5F300061746C5F69735F6E75
6C6C0061746C5F7472757468790061746C5F666C6F61740061746C5F7374725F
74616B650061746C5F7374725F6C656E0061746C5F7374725F636F6E7461696E
730061746C5F7374725F7374617274730061746C5F7374725F656E6473006174
6C5F7374725F7375620061746C5F7374725F66696E645F636F756E740061746C
5F7374725F66696E645F6C696E650061746C5F7374725F66696E645F706F7300
61746C5F7374725F66696E645F66726F6D0061746C5F7374725F627974650061
746C5F7374725F627974655F7375620061746C5F7374725F73706C69745F6C69
6E65730061746C5F7374725F66726F6D5F6D656D0061746C5F7374725F757070
65720061746C5F7374725F6C6F7765720061746C5F7374725F7265706C616365
0061746C5F7374725F73706C69740061746C5F7374725F7472696D0061746C5F
7374725F7265706561740061746C5F7374725F657175616C730061746C5F7362
5F636C6561720061746C5F73625F617070656E640061746C5F73625F6275696C
640061746C5F6C6973745F6E65770061746C5F6C6973745F6C656E0061746C5F
6C6973745F6164640072745F6261636B74726163650061746C5F6C6973745F67
65740061746C5F6C6973745F7365740061746C5F6C6973745F726573697A6500
61746C5F6C6973745F6164645F6B760061746C5F6C6973745F64656C65746500
61746C5F6C6973745F636C6561720061746C5F6C6973745F7265766572736500
61746C5F6C6973745F736F72740061746C5F6C6973745F636F6E7461696E7300
61746C5F6C6973745F66696E640061746C5F6C6973745F6D61700061746C5F6C
6973745F66696C7465720061746C5F6C6973745F7265647563650061746C5F63
6F6E7461696E730061746C5F646963745F6861735F6B65790061746C5F646963
745F6765740061746C5F646963745F7365740061746C5F646963745F64656C65
74655F6B65790061746C5F646963745F6B6579730061746C5F646963745F7661
6C7565730061746C5F696E7374616E63655F6E65770061746C5F7265665F6E65
770061746C5F66756E635F777261700061746C5F64657265665F736574006174
6C5F696E7374616E63655F6765740061746C5F696E7374616E63655F73657400
61746C5F636C6173735F72656769737465720061746C5F6D6574686F645F7265
6769737465720061746C5F636C6173735F6669656C64735F7265676973746572
0061746C5F6D6574686F645F63616C6C0061746C5F6669656C645F6765740061
746C5F6669656C645F7365740061746C5F696E7374616E63655F64657374726F
790061746C5F6766785F70726573656E740061746C5F6766785F70756D700061
746C5F6766785F6B65795F7072657373656400735F737461745F706F6F6C5F6F
766572666C6F7700735F737461745F7374725F636F756E7400735F737461745F
7374725F627974657300735F737461745F6C6973745F636F756E7400735F7374
61745F696E73745F636F756E740061746C5F6D616C6C6F630061746C5F726561
6C6C6F630061746C5F6D656D6370790061746C5F7374726C656E0061746C5F73
7472636D700061746C5F7374726E636D700061746C5F7374727374720061746C
5F7374726475700061746C5F61746F6C6C0061746C5F706F6F6C5F616C6C6F63
0061746C5F7374726370790061746C5F6D656D6D6F76650061746C5F76736E70
72696E74660061746C5F736E7072696E74660061746C5F7379735F7772697465
5F7374646572720061746C5F667072696E74665F7374646572720061746C5F66
756E635F72656769737465720061746C5F746F5F6373747200675F6D61696E5F
746964006D61696E435254537461727475700061746C5F6666695F63616C6C00
61746C5F7468726F770061746C5F7261775F6E657700736275665F7075746300
736275665F646F6E650061746C5F7379735F657869740061746C5F7379735F77
726974655F7374646F75740061746C5F7374726368720061746C5F737472746F
6C6C0061746C5F737472746F640061746C5F6578635F746F700061746C5F6578
635F76616C75655F6F626A0061746C5F7468726F775F70726570617265006174
6C5F756E6361756768745F657869740061746C5F6578635F706F700061746C5F
6578635F76616C75650061746C5F72657468726F770061746C5F7379735F6669
6C655F6F70656E0061746C5F7379735F66696C655F636C6F73650061746C5F73
79735F66696C655F726561640061746C5F7379735F66696C655F73697A650061
746C5F7379735F66696C655F7365656B0061746C5F66696C655F6F70656E0061
746C5F66696C655F636C6F73650061746C5F66696C655F73697A650061746C5F
6D656D5F616C6C6F630061746C5F6D656D5F667265650061746C5F6D656D5F61
6C6C6F635F657865630061746C5F6D656D5F7365745F657865630061746C5F6D
656D5F72656164627974650061746C5F6D656D5F777269746562797465006174
6C5F6D656D5F657865630061746C5F62696E5F726561640061746C5F72656164
5F62797465730061746C5F7072696E740061746C5F6572727072696E74006174
6C5F636F6465706F696E740061746C5F746F696E740061746C5F6D656D5F7265
706F72740061746C5F7379735F676574666E0061746C5F7374726E6370790061
746C5F6D6174685F6164640061746C5F6D6174685F7375620061746C5F6D6174
685F6D756C0061746C5F6D6174685F6469760061746C5F6D6174685F61627300
61746C5F6D6174685F666C6F6F720061746C5F6D6174685F6D6F640061746C5F
6D6174685F6176670061746C5F6D6174685F6D61780061746C5F6D6174685F6D
696E0061746C5F697364696769740061746C5F6973616C7068610061746C5F69
73616C6E756D0061746C5F69737864696769740061746C5F6973737061636500
61746C5F746F75707065720061746C5F746F6C6F7765720061746C5F61746F6D
69635F696E6336340061746C5F61746F6D69635F64656336340061746C5F6174
6F6D69635F696E630061746C5F61746F6D69635F6465630061746C5F73796E63
5F6C6F636B5F6372656174650061746C5F73796E635F6C6F636B0061746C5F73
796E635F756E6C6F636B0061746C5F7468726561645F69640061746C5F737973
5F6D696C6C69730061746C5F6D696C6C69730061746C5F7379735F736C656570
0061746C5F736C6565705F6D730061746C5F6D656D7365740061746C5F6D656D
636D700061746C5F7374726E6475700061746C5F7374726361740061746C5F73
79735F66696C655F77726974650061746C5F7379735F726561645F737464696E
0061746C5F7379735F636F6E736F6C655F757466380061746C5F616C6C6F6300
61746C5F6C69625F696E69740061746C5F6D656D5F70726F62655F6164640061
746C5F76667072696E74665F7374646572720061746C5F66696C655F63726561
74650061746C5F66696C655F77726974650061746C5F66696C655F7265616400
61746C5F66696C655F726561645F6C696E65730061746C5F62696E5F77726974
650061746C5F62696E5F77726974655F77696474680061746C5F77726974655F
62797465730061746C5F6D656D5F7265616C6C6F6300736275665F7075746E00
736275665F7072696E74660061746C5F746F5F7374720061746C5F6465726566
0061746C5F6D6F64756C655F696D706F72740061746C5F70726F635F63726561
74650061746C5F70726F635F776169740061746C5F70726F635F6A6F696E0061
746C5F7379735F63616C6C0061746C5F72756E74696D655F696E69740061746C
5F7379735F657865630061746C5F666F726D61740061746C5F6E65745F726573
6F6C76650061746C5F6E65745F6765740061746C5F6E65745F706F7374006174
6C5F6E65745F70696E670061746C5F6E65745F616C6976650061746C5F737973
5F686561705F616C6C6F630061746C5F7379735F686561705F7265616C6C6F63
0061746C5F7379735F686561705F667265650061746C5F74696D655F73747200
61746C5F6C697374656E0061746C5F6A736F6E5F70617273650061746C5F6A73
6F6E5F73657269616C697A650061746C5F72656765785F6D6174636800476574
50726F63657373486561700048656170416C6C6F6300486561705265416C6C6F
630047657443757272656E745468726561644964005669727475616C416C6C6F
630047657453746448616E646C6500577269746546696C65005F5F61746C5F6D
61696E004578697450726F6365737300476574436F6D6D616E644C696E654100
536574436F6E736F6C654F7574707574435000536574436F6E736F6C65435000
43726561746546696C6557004D756C746942797465546F576964654368617200
436C6F736548616E646C650047657446696C6553697A6545780053657446696C
65506F696E746572005669727475616C50726F74656374004C6F61644C696272
617279410047657450726F6341646472657373004765745469636B436F756E74
363400496E697469616C697A65437269746963616C53656374696F6E00456E74
6572437269746963616C53656374696F6E004C65617665437269746963616C53
656374696F6E004372656174655468726561640057616974466F7253696E676C
654F626A65637400437265617465506970650053657448616E646C65496E666F
726D6174696F6E0043726561746550726F636573734100496E7465726E65744F
70656E4100496E7465726E65744F70656E55726C4100496E7465726E65745265
616446696C6500496E7465726E6574436C6F736548616E646C6500496E746572
6E6574436F6E6E6563744100487474704F70656E526571756573744100487474
7053656E645265717565737441005753415374617274757000676574686F7374
62796E616D6500696E65745F6E746F6100636C6F7365736F636B657400696F63
746C736F636B657400676574736F636B6F7074005753414765744C6173744572
726F72004765744C6F63616C54696D6500
